num_ligne;Session;Code académie;Académie;Code département;Département;Voie;Genre;Nombre de présents à l'examen;Nombre d'admis à l'examen;Taux de réussite à l'examen
375;2023;23;Nice;083;Var;Technologique;Masculin;851.0;766.0;90.0
402;2023;70;Normandie;061;Orne;Professionnelle;Féminin;477.0;421.0;88.3
409;2023;18;Orléans-Tours;018;Cher;Générale;Masculin;484.0;466.0;96.3
453;2023;13;Poitiers;016;Charente;Technologique;Masculin;291.0;265.0;91.1
692;2024;04;Bordeaux;047;Lot-et-Garonne;Générale;Féminin;842.0;816.0;96.9
706;2024;06;Clermont-Ferrand;003;Allier;Technologique;Féminin;347.0;316.0;91.1
892;2024;11;Montpellier;011;Aude;Technologique;Féminin;426.0;395.0;92.7
904;2024;11;Montpellier;034;Hérault;Technologique;Féminin;1325.0;1234.0;93.1
920;2024;12;Nancy-Metz;054;Meurthe-et-Moselle;Générale;Féminin;2094.0;2035.0;97.2
981;2024;23;Nice;083;Var;Technologique;Masculin;905.0;791.0;87.4
33;2023;20;Amiens;060;Oise;Technologique;Masculin;961.0;827.0;86.1
42;2023;20;Amiens;080;Somme;Professionnelle;Féminin;790.0;647.0;81.9
52;2023;03;Besançon;039;Jura;Technologique;Féminin;289.0;278.0;96.2
83;2023;04;Bordeaux;040;Landes;Professionnelle;Masculin;796.0;669.0;84.0
100;2023;06;Clermont-Ferrand;003;Allier;Technologique;Féminin;307.0;279.0;90.9
143;2023;24;Créteil;093;Seine-Saint-Denis;Professionnelle;Masculin;3435.0;2554.0;74.4
219;2023;28;La Réunion;974;La Réunion;Technologique;Masculin;1268.0;1123.0;88.6
251;2023;22;Limoges;087;Haute-Vienne;Professionnelle;Masculin;624.0;483.0;77.4
278;2023;43;Mayotte;976;Mayotte;Générale;Féminin;1653.0;1222.0;73.9
299;2023;11;Montpellier;034;Hérault;Professionnelle;Masculin;1706.0;1382.0;81.0
328;2023;12;Nancy-Metz;057;Moselle;Technologique;Féminin;1169.0;1068.0;91.4
339;2023;17;Nantes;044;Loire-Atlantique;Technologique;Masculin;1566.0;1416.0;90.4
351;2023;17;Nantes;053;Mayenne;Technologique;Masculin;346.0;316.0;91.3
362;2023;17;Nantes;085;Vendée;Générale;Féminin;2164.0;2118.0;97.9
394;2023;70;Normandie;050;Manche;Technologique;Féminin;481.0;436.0;90.6
424;2023;18;Orléans-Tours;036;Indre;Technologique;Féminin;170.0;156.0;91.8
433;2023;18;Orléans-Tours;041;Loir-et-Cher;Générale;Masculin;665.0;625.0;94.0
446;2023;01;Paris;075;Paris;Générale;Féminin;8976.0;8649.0;96.4
455;2023;13;Poitiers;016;Charente;Professionnelle;Masculin;607.0;499.0;82.2
460;2023;13;Poitiers;017;Charente-Maritime;Technologique;Féminin;571.0;529.0;92.6
502;2023;14;Rennes;022;Côtes-d'Armor;Technologique;Féminin;681.0;633.0;93.0
517;2023;14;Rennes;056;Morbihan;Générale;Masculin;1746.0;1705.0;97.7
536;2023;16;Toulouse;009;Ariège;Générale;Féminin;415.0;406.0;97.8
571;2023;16;Toulouse;081;Tarn;Générale;Masculin;882.0;856.0;97.1
597;2023;25;Versailles;092;Hauts-de-Seine;Technologique;Masculin;1476.0;1213.0;82.2
612;2024;02;Aix-Marseille;004;Alpes-de-Haute-Provence;Professionnelle;Féminin;160.0;130.0;81.2
637;2024;20;Amiens;060;Oise;Générale;Masculin;2184.0;2034.0;93.1
651;2024;03;Besançon;025;Doubs;Technologique;Masculin;662.0;568.0;85.8
690;2024;04;Bordeaux;040;Landes;Professionnelle;Féminin;438.0;394.0;90.0
710;2024;06;Clermont-Ferrand;015;Cantal;Générale;Féminin;332.0;326.0;98.2
715;2024;06;Clermont-Ferrand;043;Haute-Loire;Générale;Masculin;504.0;492.0;97.6
718;2024;06;Clermont-Ferrand;043;Haute-Loire;Technologique;Féminin;275.0;269.0;97.8
739;2024;24;Créteil;077;Seine-et-Marne;Générale;Masculin;4326.0;3995.0;92.3
754;2024;24;Créteil;094;Val-de-Marne;Technologique;Féminin;1751.0;1569.0;89.6
859;2024;10;Lyon;001;Ain;Générale;Masculin;1473.0;1406.0;95.5
926;2024;12;Nancy-Metz;055;Meuse;Générale;Féminin;405.0;395.0;97.5
944;2024;17;Nantes;044;Loire-Atlantique;Générale;Féminin;5043.0;4944.0;98.0
1168;2024;16;Toulouse;046;Lot;Technologique;Féminin;188.0;181.0;96.3
1199;2024;25;Versailles;091;Essonne;Professionnelle;Masculin;2549.0;1923.0;75.4
61;2023;03;Besançon;090;Territoire de Belfort;Générale;Masculin;344.0;324.0;94.2
72;2023;04;Bordeaux;024;Dordogne;Professionnelle;Féminin;478.0;413.0;86.4
77;2023;04;Bordeaux;033;Gironde;Professionnelle;Masculin;2535.0;2052.0;80.9
377;2023;23;Nice;083;Var;Professionnelle;Masculin;1503.0;1239.0;82.4
385;2023;70;Normandie;027;Eure;Générale;Masculin;1155.0;1099.0;95.2
387;2023;70;Normandie;027;Eure;Technologique;Masculin;653.0;571.0;87.4
413;2023;18;Orléans-Tours;018;Cher;Professionnelle;Masculin;510.0;414.0;81.2
475;2023;19;Reims;008;Ardennes;Générale;Masculin;541.0;503.0;93.0
500;2023;14;Rennes;022;Côtes-d'Armor;Générale;Féminin;1493.0;1468.0;98.3
514;2023;14;Rennes;035;Ille-et-Vilaine;Technologique;Féminin;1284.0;1203.0;93.7
596;2023;25;Versailles;092;Hauts-de-Seine;Générale;Féminin;6128.0;5868.0;95.8
638;2024;20;Amiens;060;Oise;Générale;Féminin;2623.0;2515.0;95.9
641;2024;20;Amiens;060;Oise;Professionnelle;Masculin;1450.0;1099.0;75.8
664;2024;03;Besançon;070;Haute-Saône;Technologique;Féminin;199.0;182.0;91.5
793;2024;08;Grenoble;038;Isère;Générale;Masculin;3426.0;3308.0;96.6
817;2024;33;Guyane;973;Guyane;Générale;Masculin;686.0;582.0;84.8
849;2024;22;Limoges;023;Creuse;Technologique;Masculin;124.0;113.0;91.1
890;2024;11;Montpellier;011;Aude;Générale;Féminin;990.0;966.0;97.6
929;2024;12;Nancy-Metz;055;Meuse;Professionnelle;Masculin;372.0;313.0;84.1
964;2024;17;Nantes;072;Sarthe;Technologique;Féminin;632.0;589.0;93.2
989;2024;70;Normandie;014;Calvados;Professionnelle;Masculin;1339.0;1131.0;84.5
1025;2024;18;Orléans-Tours;028;Eure-et-Loir;Professionnelle;Masculin;697.0;570.0;81.8
9;2023;02;Aix-Marseille;005;Hautes-Alpes;Technologique;Masculin;101.0;94.0;93.1
21;2023;02;Aix-Marseille;084;Vaucluse;Technologique;Masculin;646.0;567.0;87.8
25;2023;20;Amiens;002;Aisne;Générale;Masculin;1056.0;999.0;94.6
44;2023;03;Besançon;025;Doubs;Générale;Féminin;1721.0;1664.0;96.7
152;2023;07;Dijon;021;Côte-d'Or;Générale;Féminin;1660.0;1620.0;97.6
180;2023;08;Grenoble;007;Ardèche;Professionnelle;Féminin;442.0;400.0;90.5
184;2023;08;Grenoble;026;Drôme;Technologique;Féminin;599.0;531.0;88.6
215;2023;33;Guyane;973;Guyane;Professionnelle;Masculin;838.0;539.0;64.3
245;2023;22;Limoges;023;Creuse;Professionnelle;Masculin;169.0;134.0;79.3
268;2023;10;Lyon;069;Rhône;Technologique;Féminin;2354.0;2048.0;87.0
276;2023;31;Martinique;972;Martinique;Professionnelle;Féminin;604.0;484.0;80.1
279;2023;43;Mayotte;976;Mayotte;Technologique;Masculin;814.0;608.0;74.7
284;2023;11;Montpellier;011;Aude;Générale;Féminin;1002.0;964.0;96.2
305;2023;11;Montpellier;048;Lozère;Professionnelle;Masculin;215.0;193.0;89.8
337;2023;17;Nantes;044;Loire-Atlantique;Générale;Masculin;3989.0;3876.0;97.2
380;2023;70;Normandie;014;Calvados;Générale;Féminin;2247.0;2164.0;96.3
430;2023;18;Orléans-Tours;037;Indre-et-Loire;Technologique;Féminin;593.0;557.0;93.9
544;2023;16;Toulouse;012;Aveyron;Technologique;Féminin;305.0;295.0;96.7
573;2023;16;Toulouse;081;Tarn;Technologique;Masculin;406.0;374.0;92.1
587;2023;25;Versailles;078;Yvelines;Professionnelle;Masculin;2341.0;1817.0;77.6
588;2023;25;Versailles;078;Yvelines;Professionnelle;Féminin;1413.0;1194.0;84.5
592;2023;25;Versailles;091;Essonne;Technologique;Féminin;1849.0;1644.0;88.9
604;2023;25;Versailles;095;Val-d'Oise;Technologique;Féminin;1758.0;1487.0;84.6
609;2024;02;Aix-Marseille;004;Alpes-de-Haute-Provence;Technologique;Masculin;179.0;159.0;88.8
687;2024;04;Bordeaux;040;Landes;Technologique;Masculin;400.0;369.0;92.2
705;2024;06;Clermont-Ferrand;003;Allier;Technologique;Masculin;335.0;295.0;88.1
738;2024;27;Corse;720;Haute-Corse;Professionnelle;Féminin;130.0;113.0;86.9
748;2024;24;Créteil;093;Seine-Saint-Denis;Technologique;Féminin;2569.0;2286.0;89.0
790;2024;08;Grenoble;026;Drôme;Technologique;Féminin;672.0;627.0;93.3
798;2024;08;Grenoble;038;Isère;Professionnelle;Féminin;1576.0;1391.0;88.3
823;2024;28;La Réunion;974;La Réunion;Générale;Masculin;2260.0;2156.0;95.4
848;2024;22;Limoges;023;Creuse;Générale;Féminin;188.0;184.0;97.9
906;2024;11;Montpellier;034;Hérault;Professionnelle;Féminin;1327.0;1174.0;88.5
935;2024;12;Nancy-Metz;057;Moselle;Professionnelle;Masculin;1971.0;1610.0;81.7
954;2024;17;Nantes;049;Maine-et-Loire;Professionnelle;Féminin;1289.0;1195.0;92.7
976;2024;23;Nice;006;Alpes-Maritimes;Technologique;Féminin;1178.0;1050.0;89.1
1003;2024;70;Normandie;061;Orne;Générale;Masculin;542.0;512.0;94.5
1023;2024;18;Orléans-Tours;028;Eure-et-Loir;Technologique;Masculin;491.0;448.0;91.2
1071;2024;13;Poitiers;079;Deux-Sèvres;Technologique;Masculin;355.0;332.0;93.5
1074;2024;13;Poitiers;079;Deux-Sèvres;Professionnelle;Féminin;486.0;425.0;87.4
1081;2024;19;Reims;008;Ardennes;Générale;Masculin;505.0;469.0;92.9
1083;2024;19;Reims;008;Ardennes;Technologique;Masculin;251.0;211.0;84.1
1129;2024;15;Strasbourg;067;Bas-Rhin;Générale;Masculin;2911.0;2800.0;96.2
1130;2024;15;Strasbourg;067;Bas-Rhin;Générale;Féminin;3548.0;3439.0;96.9
28;2023;20;Amiens;002;Aisne;Technologique;Féminin;564.0;494.0;87.6
70;2023;04;Bordeaux;024;Dordogne;Technologique;Féminin;322.0;287.0;89.1
82;2023;04;Bordeaux;040;Landes;Technologique;Féminin;364.0;344.0;94.5
99;2023;06;Clermont-Ferrand;003;Allier;Technologique;Masculin;326.0;289.0;88.7
134;2023;24;Créteil;077;Seine-et-Marne;Générale;Féminin;5355.0;5055.0;94.4
160;2023;07;Dijon;058;Nièvre;Technologique;Féminin;228.0;211.0;92.5
161;2023;07;Dijon;058;Nièvre;Professionnelle;Masculin;369.0;301.0;81.6
165;2023;07;Dijon;071;Saône-et-Loire;Technologique;Masculin;541.0;500.0;92.4
172;2023;07;Dijon;089;Yonne;Technologique;Féminin;359.0;326.0;90.8
177;2023;08;Grenoble;007;Ardèche;Technologique;Masculin;365.0;339.0;92.9
183;2023;08;Grenoble;026;Drôme;Technologique;Masculin;558.0;497.0;89.1
249;2023;22;Limoges;087;Haute-Vienne;Technologique;Masculin;344.0;290.0;84.3
263;2023;10;Lyon;042;Loire;Professionnelle;Masculin;1511.0;1262.0;83.5
318;2023;12;Nancy-Metz;054;Meurthe-et-Moselle;Professionnelle;Féminin;849.0;752.0;88.6
360;2023;17;Nantes;072;Sarthe;Professionnelle;Féminin;873.0;755.0;86.5
389;2023;70;Normandie;027;Eure;Professionnelle;Masculin;1066.0;845.0;79.3
415;2023;18;Orléans-Tours;028;Eure-et-Loir;Générale;Masculin;994.0;948.0;95.4
508;2023;14;Rennes;029;Finistère;Technologique;Féminin;1076.0;1033.0;96.0
548;2023;16;Toulouse;031;Haute-Garonne;Générale;Féminin;4656.0;4522.0;97.1
569;2023;16;Toulouse;065;Hautes-Pyrénées;Professionnelle;Masculin;505.0;426.0;84.4
581;2023;16;Toulouse;082;Tarn-et-Garonne;Professionnelle;Masculin;549.0;456.0;83.1
584;2023;25;Versailles;078;Yvelines;Générale;Féminin;6312.0;6129.0;97.1
586;2023;25;Versailles;078;Yvelines;Technologique;Féminin;1799.0;1654.0;91.9
594;2023;25;Versailles;091;Essonne;Professionnelle;Féminin;1537.0;1253.0;81.5
631;2024;20;Amiens;002;Aisne;Générale;Masculin;1064.0;1006.0;94.5
632;2024;20;Amiens;002;Aisne;Générale;Féminin;1384.0;1328.0;96.0
644;2024;20;Amiens;080;Somme;Générale;Féminin;1640.0;1578.0;96.2
647;2024;20;Amiens;080;Somme;Professionnelle;Masculin;1125.0;901.0;80.1
648;2024;20;Amiens;080;Somme;Professionnelle;Féminin;852.0;747.0;87.7
650;2024;03;Besançon;025;Doubs;Générale;Féminin;1701.0;1652.0;97.1
654;2024;03;Besançon;025;Doubs;Professionnelle;Féminin;744.0;640.0;86.0
697;2024;04;Bordeaux;064;Pyrénées-Atlantiques;Générale;Masculin;1833.0;1788.0;97.5
749;2024;24;Créteil;093;Seine-Saint-Denis;Professionnelle;Masculin;3542.0;2639.0;74.5
780;2024;07;Dijon;089;Yonne;Professionnelle;Féminin;370.0;304.0;82.2
799;2024;08;Grenoble;073;Savoie;Générale;Masculin;1002.0;979.0;97.7
818;2024;33;Guyane;973;Guyane;Générale;Féminin;1003.0;891.0;88.8
861;2024;10;Lyon;001;Ain;Technologique;Masculin;723.0;654.0;90.5
880;2024;31;Martinique;972;Martinique;Technologique;Féminin;451.0;427.0;94.7
903;2024;11;Montpellier;034;Hérault;Technologique;Masculin;1398.0;1251.0;89.5
909;2024;11;Montpellier;048;Lozère;Technologique;Masculin;96.0;92.0;95.8
956;2024;17;Nantes;053;Mayenne;Générale;Féminin;934.0;914.0;97.9
978;2024;23;Nice;006;Alpes-Maritimes;Professionnelle;Féminin;989.0;836.0;84.5
980;2024;23;Nice;083;Var;Générale;Féminin;3079.0;2962.0;96.2
984;2024;23;Nice;083;Var;Professionnelle;Féminin;1086.0;939.0;86.5
990;2024;70;Normandie;014;Calvados;Professionnelle;Féminin;779.0;648.0;83.2
993;2024;70;Normandie;027;Eure;Technologique;Masculin;661.0;595.0;90.0
1032;2024;18;Orléans-Tours;036;Indre;Professionnelle;Féminin;266.0;229.0;86.1
228;2023;09;Lille;059;Nord;Professionnelle;Féminin;3483.0;2897.0;83.2
254;2023;10;Lyon;001;Ain;Générale;Féminin;2012.0;1912.0;95.0
306;2023;11;Montpellier;048;Lozère;Professionnelle;Féminin;124.0;112.0;90.3
322;2023;12;Nancy-Metz;055;Meuse;Technologique;Féminin;189.0;179.0;94.7
619;2024;02;Aix-Marseille;013;Bouches-du-Rhône;Générale;Masculin;5563.0;5354.0;96.2
634;2024;20;Amiens;002;Aisne;Technologique;Féminin;575.0;512.0;89.0
685;2024;04;Bordeaux;040;Landes;Générale;Masculin;792.0;771.0;97.3
686;2024;04;Bordeaux;040;Landes;Générale;Féminin;1111.0;1084.0;97.6
701;2024;04;Bordeaux;064;Pyrénées-Atlantiques;Professionnelle;Masculin;1286.0;1133.0;88.1
752;2024;24;Créteil;094;Val-de-Marne;Générale;Féminin;4602.0;4339.0;94.3
870;2024;10;Lyon;042;Loire;Professionnelle;Féminin;1236.0;1101.0;89.1
1044;2024;18;Orléans-Tours;041;Loir-et-Cher;Professionnelle;Féminin;390.0;343.0;87.9
1084;2024;19;Reims;008;Ardennes;Technologique;Féminin;255.0;232.0;91.0
1106;2024;14;Rennes;022;Côtes-d'Armor;Générale;Féminin;1623.0;1583.0;97.5
10;2023;02;Aix-Marseille;005;Hautes-Alpes;Technologique;Féminin;119.0;114.0;95.8
27;2023;20;Amiens;002;Aisne;Technologique;Masculin;484.0;416.0;86.0
37;2023;20;Amiens;080;Somme;Générale;Masculin;1307.0;1238.0;94.7
54;2023;03;Besançon;039;Jura;Professionnelle;Féminin;398.0;353.0;88.7
216;2023;33;Guyane;973;Guyane;Professionnelle;Féminin;790.0;529.0;67.0
230;2023;09;Lille;062;Pas-de-Calais;Générale;Féminin;4142.0;4008.0;96.8
260;2023;10;Lyon;042;Loire;Générale;Féminin;2258.0;2189.0;96.9
272;2023;31;Martinique;972;Martinique;Générale;Féminin;1150.0;1112.0;96.7
373;2023;23;Nice;083;Var;Générale;Masculin;2509.0;2377.0;94.7
416;2023;18;Orléans-Tours;028;Eure-et-Loir;Générale;Féminin;1370.0;1326.0;96.8
431;2023;18;Orléans-Tours;037;Indre-et-Loire;Professionnelle;Masculin;1187.0;986.0;83.1
432;2023;18;Orléans-Tours;037;Indre-et-Loire;Professionnelle;Féminin;779.0;695.0;89.2
461;2023;13;Poitiers;017;Charente-Maritime;Professionnelle;Masculin;1019.0;840.0;82.4
568;2023;16;Toulouse;065;Hautes-Pyrénées;Technologique;Féminin;238.0;218.0;91.6
575;2023;16;Toulouse;081;Tarn;Professionnelle;Masculin;739.0;628.0;85.0
622;2024;02;Aix-Marseille;013;Bouches-du-Rhône;Technologique;Féminin;2395.0;2174.0;90.8
649;2024;03;Besançon;025;Doubs;Générale;Masculin;1255.0;1205.0;96.0
676;2024;04;Bordeaux;024;Dordogne;Technologique;Féminin;342.0;317.0;92.7
761;2024;07;Dijon;021;Côte-d'Or;Professionnelle;Masculin;963.0;791.0;82.1
807;2024;08;Grenoble;074;Haute-Savoie;Technologique;Masculin;1057.0;914.0;86.5
810;2024;08;Grenoble;074;Haute-Savoie;Professionnelle;Féminin;900.0;796.0;88.4
820;2024;33;Guyane;973;Guyane;Technologique;Féminin;442.0;364.0;82.4
839;2024;09;Lille;062;Pas-de-Calais;Professionnelle;Masculin;3232.0;2630.0;81.4
851;2024;22;Limoges;023;Creuse;Professionnelle;Masculin;149.0;131.0;87.9
900;2024;11;Montpellier;030;Gard;Professionnelle;Féminin;1039.0;922.0;88.7
941;2024;12;Nancy-Metz;088;Vosges;Professionnelle;Masculin;732.0;652.0;89.1
950;2024;17;Nantes;049;Maine-et-Loire;Générale;Féminin;2572.0;2521.0;98.0
1000;2024;70;Normandie;050;Manche;Technologique;Féminin;487.0;456.0;93.6
1028;2024;18;Orléans-Tours;036;Indre;Générale;Féminin;520.0;498.0;95.8
1067;2024;13;Poitiers;017;Charente-Maritime;Professionnelle;Masculin;1038.0;917.0;88.3
1090;2024;19;Reims;010;Aube;Technologique;Féminin;352.0;317.0;90.1
1093;2024;19;Reims;051;Marne;Générale;Masculin;1423.0;1331.0;93.5
1103;2024;19;Reims;052;Haute-Marne;Professionnelle;Masculin;302.0;259.0;85.8
1131;2024;15;Strasbourg;067;Bas-Rhin;Technologique;Masculin;1158.0;994.0;85.8
1147;2024;16;Toulouse;012;Aveyron;Générale;Masculin;492.0;483.0;98.2
1157;2024;16;Toulouse;031;Haute-Garonne;Professionnelle;Masculin;2020.0;1655.0;81.9
1205;2024;25;Versailles;092;Hauts-de-Seine;Professionnelle;Masculin;1941.0;1448.0;74.6
1086;2024;19;Reims;008;Ardennes;Professionnelle;Féminin;316.0;252.0;79.7
1094;2024;19;Reims;051;Marne;Générale;Féminin;1904.0;1815.0;95.3
1122;2024;14;Rennes;035;Ille-et-Vilaine;Professionnelle;Féminin;1544.0;1375.0;89.1
1146;2024;16;Toulouse;009;Ariège;Professionnelle;Féminin;184.0;159.0;86.4
1151;2024;16;Toulouse;012;Aveyron;Professionnelle;Masculin;595.0;533.0;89.6
232;2023;09;Lille;062;Pas-de-Calais;Technologique;Féminin;1738.0;1595.0;91.8
241;2023;22;Limoges;023;Creuse;Générale;Masculin;173.0;165.0;95.4
292;2023;11;Montpellier;030;Gard;Technologique;Féminin;828.0;781.0;94.3
971;2024;17;Nantes;085;Vendée;Professionnelle;Masculin;1440.0;1294.0;89.9
992;2024;70;Normandie;027;Eure;Générale;Féminin;1528.0;1474.0;96.5
1024;2024;18;Orléans-Tours;028;Eure-et-Loir;Technologique;Féminin;523.0;491.0;93.9
1037;2024;18;Orléans-Tours;037;Indre-et-Loire;Professionnelle;Masculin;1148.0;961.0;83.7
140;2023;24;Créteil;093;Seine-Saint-Denis;Générale;Féminin;5666.0;5185.0;91.5
195;2023;08;Grenoble;073;Savoie;Technologique;Masculin;492.0;459.0;93.3
197;2023;08;Grenoble;073;Savoie;Professionnelle;Masculin;958.0;845.0;88.2
212;2023;33;Guyane;973;Guyane;Générale;Féminin;955.0;835.0;87.4
234;2023;09;Lille;062;Pas-de-Calais;Professionnelle;Féminin;2077.0;1752.0;84.4
235;2023;22;Limoges;019;Corrèze;Générale;Masculin;499.0;467.0;93.6
252;2023;22;Limoges;087;Haute-Vienne;Professionnelle;Féminin;410.0;349.0;85.1
265;2023;10;Lyon;069;Rhône;Générale;Masculin;5674.0;5346.0;94.2
270;2023;10;Lyon;069;Rhône;Professionnelle;Féminin;1963.0;1655.0;84.3
315;2023;12;Nancy-Metz;054;Meurthe-et-Moselle;Technologique;Masculin;807.0;731.0;90.6
319;2023;12;Nancy-Metz;055;Meuse;Générale;Masculin;291.0;278.0;95.5
336;2023;12;Nancy-Metz;088;Vosges;Professionnelle;Féminin;558.0;474.0;84.9
344;2023;17;Nantes;049;Maine-et-Loire;Générale;Féminin;2397.0;2338.0;97.5
379;2023;70;Normandie;014;Calvados;Générale;Masculin;1840.0;1746.0;94.9
384;2023;70;Normandie;014;Calvados;Professionnelle;Féminin;760.0;648.0;85.3
388;2023;70;Normandie;027;Eure;Technologique;Féminin;717.0;649.0;90.5
543;2023;16;Toulouse;012;Aveyron;Technologique;Masculin;346.0;336.0;97.1
620;2024;02;Aix-Marseille;013;Bouches-du-Rhône;Générale;Féminin;7015.0;6836.0;97.4
635;2024;20;Amiens;002;Aisne;Professionnelle;Masculin;1173.0;912.0;77.7
713;2024;06;Clermont-Ferrand;015;Cantal;Professionnelle;Masculin;280.0;250.0;89.3
726;2024;06;Clermont-Ferrand;063;Puy-de-Dôme;Professionnelle;Féminin;884.0;750.0;84.8
759;2024;07;Dijon;021;Côte-d'Or;Technologique;Masculin;546.0;489.0;89.6
803;2024;08;Grenoble;073;Savoie;Professionnelle;Masculin;896.0;782.0;87.3
804;2024;08;Grenoble;073;Savoie;Professionnelle;Féminin;500.0;443.0;88.6
852;2024;22;Limoges;023;Creuse;Professionnelle;Féminin;131.0;123.0;93.9
857;2024;22;Limoges;087;Haute-Vienne;Professionnelle;Masculin;563.0;461.0;81.9
341;2023;17;Nantes;044;Loire-Atlantique;Professionnelle;Masculin;2431.0;2068.0;85.1
348;2023;17;Nantes;049;Maine-et-Loire;Professionnelle;Féminin;1344.0;1221.0;90.8
355;2023;17;Nantes;072;Sarthe;Générale;Masculin;1371.0;1312.0;95.7
357;2023;17;Nantes;072;Sarthe;Technologique;Masculin;627.0;573.0;91.4
365;2023;17;Nantes;085;Vendée;Professionnelle;Masculin;1357.0;1223.0;90.1
435;2023;18;Orléans-Tours;041;Loir-et-Cher;Technologique;Masculin;304.0;280.0;92.1
439;2023;18;Orléans-Tours;045;Loiret;Générale;Masculin;1811.0;1721.0;95.0
467;2023;13;Poitiers;079;Deux-Sèvres;Professionnelle;Masculin;736.0;632.0;85.9
472;2023;13;Poitiers;086;Vienne;Technologique;Féminin;458.0;413.0;90.2
505;2023;14;Rennes;029;Finistère;Générale;Masculin;2047.0;2009.0;98.1
507;2023;14;Rennes;029;Finistère;Technologique;Masculin;1074.0;1029.0;95.8
553;2023;16;Toulouse;032;Gers;Générale;Masculin;411.0;400.0;97.3
559;2023;16;Toulouse;046;Lot;Générale;Masculin;298.0;286.0;96.0
736;2024;27;Corse;720;Haute-Corse;Technologique;Féminin;168.0;157.0;93.5
766;2024;07;Dijon;058;Nièvre;Technologique;Féminin;200.0;189.0;94.5
842;2024;22;Limoges;019;Corrèze;Générale;Féminin;659.0;650.0;98.6
867;2024;10;Lyon;042;Loire;Technologique;Masculin;907.0;815.0;89.9
895;2024;11;Montpellier;030;Gard;Générale;Masculin;1676.0;1608.0;95.9
897;2024;11;Montpellier;030;Gard;Technologique;Masculin;842.0;777.0;92.3
917;2024;11;Montpellier;066;Pyrénées-Orientales;Professionnelle;Masculin;691.0;563.0;81.5
961;2024;17;Nantes;072;Sarthe;Générale;Masculin;1382.0;1318.0;95.4
986;2024;70;Normandie;014;Calvados;Générale;Féminin;2275.0;2191.0;96.3
1010;2024;70;Normandie;076;Seine-Maritime;Générale;Féminin;3996.0;3845.0;96.2
1019;2024;18;Orléans-Tours;018;Cher;Professionnelle;Masculin;499.0;405.0;81.2
1075;2024;13;Poitiers;086;Vienne;Générale;Masculin;989.0;949.0;96.0
1089;2024;19;Reims;010;Aube;Technologique;Masculin;342.0;284.0;83.0
29;2023;20;Amiens;002;Aisne;Professionnelle;Masculin;1080.0;850.0;78.7
34;2023;20;Amiens;060;Oise;Technologique;Féminin;1020.0;896.0;87.8
38;2023;20;Amiens;080;Somme;Générale;Féminin;1693.0;1615.0;95.4
49;2023;03;Besançon;039;Jura;Générale;Masculin;540.0;512.0;94.8
71;2023;04;Bordeaux;024;Dordogne;Professionnelle;Masculin;646.0;537.0;83.1
84;2023;04;Bordeaux;040;Landes;Professionnelle;Féminin;443.0;389.0;87.8
122;2023;27;Corse;620;Corse-du-Sud;Générale;Féminin;402.0;392.0;97.5
139;2023;24;Créteil;093;Seine-Saint-Denis;Générale;Masculin;4339.0;3808.0;87.8
171;2023;07;Dijon;089;Yonne;Technologique;Masculin;338.0;281.0;83.1
173;2023;07;Dijon;089;Yonne;Professionnelle;Masculin;471.0;361.0;76.6
211;2023;33;Guyane;973;Guyane;Générale;Masculin;650.0;545.0;83.8
242;2023;22;Limoges;023;Creuse;Générale;Féminin;230.0;223.0;97.0
273;2023;31;Martinique;972;Martinique;Technologique;Masculin;400.0;382.0;95.5
307;2023;11;Montpellier;066;Pyrénées-Orientales;Générale;Masculin;1059.0;1009.0;95.3
469;2023;13;Poitiers;086;Vienne;Générale;Masculin;989.0;931.0;94.1
470;2023;13;Poitiers;086;Vienne;Générale;Féminin;1241.0;1193.0;96.1
493;2023;19;Reims;052;Haute-Marne;Générale;Masculin;304.0;292.0;96.1
520;2023;14;Rennes;056;Morbihan;Technologique;Féminin;813.0;778.0;95.7
528;2023;15;Strasbourg;067;Bas-Rhin;Professionnelle;Féminin;1170.0;980.0;83.8
555;2023;16;Toulouse;032;Gers;Technologique;Masculin;123.0;122.0;99.2
560;2023;16;Toulouse;046;Lot;Générale;Féminin;410.0;391.0;95.4
583;2023;25;Versailles;078;Yvelines;Générale;Masculin;5449.0;5220.0;95.8
607;2024;02;Aix-Marseille;004;Alpes-de-Haute-Provence;Générale;Masculin;378.0;357.0;94.4
608;2024;02;Aix-Marseille;004;Alpes-de-Haute-Provence;Générale;Féminin;423.0;411.0;97.2
614;2024;02;Aix-Marseille;005;Hautes-Alpes;Générale;Féminin;454.0;443.0;97.6
640;2024;20;Amiens;060;Oise;Technologique;Féminin;1045.0;935.0;89.5
663;2024;03;Besançon;070;Haute-Saône;Technologique;Masculin;185.0;162.0;87.6
679;2024;04;Bordeaux;033;Gironde;Générale;Masculin;4463.0;4231.0;94.8
698;2024;04;Bordeaux;064;Pyrénées-Atlantiques;Générale;Féminin;2394.0;2344.0;97.9
794;2024;08;Grenoble;038;Isère;Générale;Féminin;4401.0;4292.0;97.5
827;2024;28;La Réunion;974;La Réunion;Professionnelle;Masculin;2144.0;1693.0;79.0
844;2024;22;Limoges;019;Corrèze;Technologique;Féminin;243.0;223.0;91.8
845;2024;22;Limoges;019;Corrèze;Professionnelle;Masculin;635.0;554.0;87.2
856;2024;22;Limoges;087;Haute-Vienne;Technologique;Féminin;332.0;304.0;91.6
874;2024;10;Lyon;069;Rhône;Technologique;Féminin;2572.0;2317.0;90.1
894;2024;11;Montpellier;011;Aude;Professionnelle;Féminin;467.0;408.0;87.4
937;2024;12;Nancy-Metz;088;Vosges;Générale;Masculin;718.0;692.0;96.4
969;2024;17;Nantes;085;Vendée;Technologique;Masculin;698.0;652.0;93.4
1004;2024;70;Normandie;061;Orne;Générale;Féminin;687.0;668.0;97.2
1011;2024;70;Normandie;076;Seine-Maritime;Technologique;Masculin;1528.0;1309.0;85.7
1013;2024;70;Normandie;076;Seine-Maritime;Professionnelle;Masculin;2487.0;1995.0;80.2
1097;2024;19;Reims;051;Marne;Professionnelle;Masculin;1134.0;900.0;79.4
1105;2024;14;Rennes;022;Côtes-d'Armor;Générale;Masculin;1253.0;1228.0;98.0
1119;2024;14;Rennes;035;Ille-et-Vilaine;Technologique;Masculin;1454.0;1343.0;92.4
1202;2024;25;Versailles;092;Hauts-de-Seine;Générale;Féminin;6197.0;6006.0;96.9
1212;2024;25;Versailles;095;Val-d'Oise;Professionnelle;Féminin;1654.0;1366.0;82.6
392;2023;70;Normandie;050;Manche;Générale;Féminin;1358.0;1330.0;97.9
395;2023;70;Normandie;050;Manche;Professionnelle;Masculin;921.0;773.0;83.9
530;2023;15;Strasbourg;068;Haut-Rhin;Générale;Féminin;2230.0;2162.0;97.0
558;2023;16;Toulouse;032;Gers;Professionnelle;Féminin;231.0;224.0;97.0
564;2023;16;Toulouse;046;Lot;Professionnelle;Féminin;250.0;221.0;88.4
603;2023;25;Versailles;095;Val-d'Oise;Technologique;Masculin;1798.0;1465.0;81.5
623;2024;02;Aix-Marseille;013;Bouches-du-Rhône;Professionnelle;Masculin;3265.0;2636.0;80.7
630;2024;02;Aix-Marseille;084;Vaucluse;Professionnelle;Féminin;715.0;624.0;87.3
643;2024;20;Amiens;080;Somme;Générale;Masculin;1251.0;1186.0;94.8
657;2024;03;Besançon;039;Jura;Technologique;Masculin;227.0;205.0;90.3
899;2024;11;Montpellier;030;Gard;Professionnelle;Masculin;1297.0;1065.0;82.1
915;2024;11;Montpellier;066;Pyrénées-Orientales;Technologique;Masculin;522.0;481.0;92.1
921;2024;12;Nancy-Metz;054;Meurthe-et-Moselle;Technologique;Masculin;795.0;718.0;90.3
1070;2024;13;Poitiers;079;Deux-Sèvres;Générale;Féminin;1043.0;1029.0;98.7
1099;2024;19;Reims;052;Haute-Marne;Générale;Masculin;270.0;262.0;97.0
13;2023;02;Aix-Marseille;013;Bouches-du-Rhône;Générale;Masculin;5693.0;5402.0;94.9
16;2023;02;Aix-Marseille;013;Bouches-du-Rhône;Technologique;Féminin;2297.0;2089.0;90.9
17;2023;02;Aix-Marseille;013;Bouches-du-Rhône;Professionnelle;Masculin;3097.0;2413.0;77.9
23;2023;02;Aix-Marseille;084;Vaucluse;Professionnelle;Masculin;1124.0;916.0;81.5
51;2023;03;Besançon;039;Jura;Technologique;Masculin;253.0;229.0;90.5
62;2023;03;Besançon;090;Territoire de Belfort;Générale;Féminin;467.0;460.0;98.5
76;2023;04;Bordeaux;033;Gironde;Technologique;Féminin;1355.0;1226.0;90.5
78;2023;04;Bordeaux;033;Gironde;Professionnelle;Féminin;1738.0;1494.0;86.0
847;2024;22;Limoges;023;Creuse;Générale;Masculin;142.0;140.0;98.6
896;2024;11;Montpellier;030;Gard;Générale;Féminin;1935.0;1900.0;98.2
979;2024;23;Nice;083;Var;Générale;Masculin;2418.0;2259.0;93.4
41;2023;20;Amiens;080;Somme;Professionnelle;Masculin;1135.0;910.0;80.2
85;2023;04;Bordeaux;047;Lot-et-Garonne;Générale;Masculin;656.0;634.0;96.6
91;2023;04;Bordeaux;064;Pyrénées-Atlantiques;Générale;Masculin;1772.0;1722.0;97.2
127;2023;27;Corse;720;Haute-Corse;Générale;Masculin;389.0;377.0;96.9
128;2023;27;Corse;720;Haute-Corse;Générale;Féminin;490.0;485.0;99.0
233;2023;09;Lille;062;Pas-de-Calais;Professionnelle;Masculin;3100.0;2582.0;83.3
243;2023;22;Limoges;023;Creuse;Technologique;Masculin;122.0;116.0;95.1
275;2023;31;Martinique;972;Martinique;Professionnelle;Masculin;912.0;716.0;78.5
286;2023;11;Montpellier;011;Aude;Technologique;Féminin;378.0;340.0;89.9
287;2023;11;Montpellier;011;Aude;Professionnelle;Masculin;603.0;473.0;78.4
289;2023;11;Montpellier;030;Gard;Générale;Masculin;1576.0;1501.0;95.2
298;2023;11;Montpellier;034;Hérault;Technologique;Féminin;1222.0;1131.0;92.6
338;2023;17;Nantes;044;Loire-Atlantique;Générale;Féminin;4838.0;4724.0;97.6
404;2023;70;Normandie;076;Seine-Maritime;Générale;Féminin;4024.0;3842.0;95.5
426;2023;18;Orléans-Tours;036;Indre;Professionnelle;Féminin;261.0;226.0;86.6
478;2023;19;Reims;008;Ardennes;Technologique;Féminin;242.0;220.0;90.9
565;2023;16;Toulouse;065;Hautes-Pyrénées;Générale;Masculin;481.0;464.0;96.5
567;2023;16;Toulouse;065;Hautes-Pyrénées;Technologique;Masculin;189.0;175.0;92.6
605;2023;25;Versailles;095;Val-d'Oise;Professionnelle;Masculin;2779.0;2029.0;73.0
611;2024;02;Aix-Marseille;004;Alpes-de-Haute-Provence;Professionnelle;Masculin;249.0;195.0;78.3
645;2024;20;Amiens;080;Somme;Technologique;Masculin;598.0;505.0;84.4
667;2024;03;Besançon;090;Territoire de Belfort;Générale;Masculin;343.0;324.0;94.5
680;2024;04;Bordeaux;033;Gironde;Générale;Féminin;5540.0;5331.0;96.2
688;2024;04;Bordeaux;040;Landes;Technologique;Féminin;411.0;394.0;95.9
689;2024;04;Bordeaux;040;Landes;Professionnelle;Masculin;832.0;719.0;86.4
695;2024;04;Bordeaux;047;Lot-et-Garonne;Professionnelle;Masculin;568.0;458.0;80.6
740;2024;24;Créteil;077;Seine-et-Marne;Générale;Féminin;5412.0;5154.0;95.2
777;2024;07;Dijon;089;Yonne;Technologique;Masculin;358.0;315.0;88.0
800;2024;08;Grenoble;073;Savoie;Générale;Féminin;1309.0;1288.0;98.4
924;2024;12;Nancy-Metz;054;Meurthe-et-Moselle;Professionnelle;Féminin;895.0;769.0;85.9
927;2024;12;Nancy-Metz;055;Meuse;Technologique;Masculin;193.0;178.0;92.2
939;2024;12;Nancy-Metz;088;Vosges;Technologique;Masculin;369.0;331.0;89.7
1115;2024;14;Rennes;029;Finistère;Professionnelle;Masculin;1706.0;1512.0;88.6
1137;2024;15;Strasbourg;068;Haut-Rhin;Technologique;Masculin;812.0;713.0;87.8
1138;2024;15;Strasbourg;068;Haut-Rhin;Technologique;Féminin;795.0;725.0;91.2
1182;2024;16;Toulouse;081;Tarn;Professionnelle;Féminin;614.0;554.0;90.2
1187;2024;16;Toulouse;082;Tarn-et-Garonne;Professionnelle;Masculin;518.0;442.0;85.3
3;2023;02;Aix-Marseille;004;Alpes-de-Haute-Provence;Technologique;Masculin;174.0;158.0;90.8
53;2023;03;Besançon;039;Jura;Professionnelle;Masculin;550.0;488.0;88.7
302;2023;11;Montpellier;048;Lozère;Générale;Féminin;202.0;200.0;99.0
331;2023;12;Nancy-Metz;088;Vosges;Générale;Masculin;708.0;685.0;96.8
636;2024;20;Amiens;002;Aisne;Professionnelle;Féminin;858.0;712.0;83.0
681;2024;04;Bordeaux;033;Gironde;Technologique;Masculin;1619.0;1415.0;87.4
696;2024;04;Bordeaux;047;Lot-et-Garonne;Professionnelle;Féminin;493.0;455.0;92.3
741;2024;24;Créteil;077;Seine-et-Marne;Technologique;Masculin;2164.0;1861.0;86.0
830;2024;09;Lille;059;Nord;Générale;Féminin;8556.0;8245.0;96.4
843;2024;22;Limoges;019;Corrèze;Technologique;Masculin;192.0;172.0;89.6
864;2024;10;Lyon;001;Ain;Professionnelle;Féminin;789.0;703.0;89.1
910;2024;11;Montpellier;048;Lozère;Technologique;Féminin;94.0;93.0;98.9
916;2024;11;Montpellier;066;Pyrénées-Orientales;Technologique;Féminin;590.0;545.0;92.4
923;2024;12;Nancy-Metz;054;Meurthe-et-Moselle;Professionnelle;Masculin;1364.0;1142.0;83.7
1018;2024;18;Orléans-Tours;018;Cher;Technologique;Féminin;266.0;254.0;95.5
1107;2024;14;Rennes;022;Côtes-d'Armor;Technologique;Masculin;653.0;615.0;94.2
1142;2024;16;Toulouse;009;Ariège;Générale;Féminin;418.0;411.0;98.3
1155;2024;16;Toulouse;031;Haute-Garonne;Technologique;Masculin;1612.0;1474.0;91.4
119;2023;06;Clermont-Ferrand;063;Puy-de-Dôme;Professionnelle;Masculin;1189.0;960.0;80.7
202;2023;08;Grenoble;074;Haute-Savoie;Technologique;Féminin;859.0;771.0;89.8
204;2023;08;Grenoble;074;Haute-Savoie;Professionnelle;Féminin;897.0;795.0;88.6
58;2023;03;Besançon;070;Haute-Saône;Technologique;Féminin;178.0;164.0;92.1
149;2023;24;Créteil;094;Val-de-Marne;Professionnelle;Masculin;2625.0;2070.0;78.9
182;2023;08;Grenoble;026;Drôme;Générale;Féminin;1659.0;1602.0;96.6
368;2023;23;Nice;006;Alpes-Maritimes;Générale;Féminin;3739.0;3606.0;96.4
405;2023;70;Normandie;076;Seine-Maritime;Technologique;Masculin;1482.0;1288.0;86.9
1162;2024;16;Toulouse;032;Gers;Technologique;Féminin;168.0;162.0;96.4
1178;2024;16;Toulouse;081;Tarn;Générale;Féminin;1072.0;1044.0;97.4
1181;2024;16;Toulouse;081;Tarn;Professionnelle;Masculin;756.0;658.0;87.0
1204;2024;25;Versailles;092;Hauts-de-Seine;Technologique;Féminin;1382.0;1237.0;89.5
5;2023;02;Aix-Marseille;004;Alpes-de-Haute-Provence;Professionnelle;Masculin;217.0;182.0;83.9
7;2023;02;Aix-Marseille;005;Hautes-Alpes;Générale;Masculin;298.0;293.0;98.3
35;2023;20;Amiens;060;Oise;Professionnelle;Masculin;1471.0;1164.0;79.1
39;2023;20;Amiens;080;Somme;Technologique;Masculin;557.0;467.0;83.8
80;2023;04;Bordeaux;040;Landes;Générale;Féminin;1085.0;1070.0;98.6
92;2023;04;Bordeaux;064;Pyrénées-Atlantiques;Générale;Féminin;2244.0;2180.0;97.1
115;2023;06;Clermont-Ferrand;063;Puy-de-Dôme;Générale;Masculin;1444.0;1376.0;95.3
213;2023;33;Guyane;973;Guyane;Technologique;Masculin;284.0;233.0;82.0
290;2023;11;Montpellier;030;Gard;Générale;Féminin;1932.0;1865.0;96.5
312;2023;11;Montpellier;066;Pyrénées-Orientales;Professionnelle;Féminin;533.0;448.0;84.1
410;2023;18;Orléans-Tours;018;Cher;Générale;Féminin;647.0;622.0;96.1
457;2023;13;Poitiers;017;Charente-Maritime;Générale;Masculin;1488.0;1422.0;95.6
496;2023;19;Reims;052;Haute-Marne;Technologique;Féminin;223.0;200.0;89.7
499;2023;14;Rennes;022;Côtes-d'Armor;Générale;Masculin;1252.0;1236.0;98.7
501;2023;14;Rennes;022;Côtes-d'Armor;Technologique;Masculin;633.0;596.0;94.2
513;2023;14;Rennes;035;Ille-et-Vilaine;Technologique;Masculin;1375.0;1278.0;92.9
521;2023;14;Rennes;056;Morbihan;Professionnelle;Masculin;1415.0;1282.0;90.6
525;2023;15;Strasbourg;067;Bas-Rhin;Technologique;Masculin;1136.0;1017.0;89.5
655;2024;03;Besançon;039;Jura;Générale;Masculin;536.0;507.0;94.6
702;2024;04;Bordeaux;064;Pyrénées-Atlantiques;Professionnelle;Féminin;997.0;904.0;90.7
776;2024;07;Dijon;089;Yonne;Générale;Féminin;858.0;824.0;96.0
997;2024;70;Normandie;050;Manche;Générale;Masculin;1020.0;983.0;96.4
1001;2024;70;Normandie;050;Manche;Professionnelle;Masculin;868.0;736.0;84.8
1020;2024;18;Orléans-Tours;018;Cher;Professionnelle;Féminin;390.0;341.0;87.4
1061;2024;13;Poitiers;016;Charente;Professionnelle;Masculin;653.0;529.0;81.0
1113;2024;14;Rennes;029;Finistère;Technologique;Masculin;1076.0;1047.0;97.3
19;2023;02;Aix-Marseille;084;Vaucluse;Générale;Masculin;1473.0;1402.0;95.2
116;2023;06;Clermont-Ferrand;063;Puy-de-Dôme;Générale;Féminin;1902.0;1830.0;96.2
117;2023;06;Clermont-Ferrand;063;Puy-de-Dôme;Technologique;Masculin;639.0;559.0;87.5
135;2023;24;Créteil;077;Seine-et-Marne;Technologique;Masculin;2167.0;1883.0;86.9
145;2023;24;Créteil;094;Val-de-Marne;Générale;Masculin;3682.0;3401.0;92.4
259;2023;10;Lyon;042;Loire;Générale;Masculin;1664.0;1598.0;96.0
266;2023;10;Lyon;069;Rhône;Générale;Féminin;6955.0;6630.0;95.3
271;2023;31;Martinique;972;Martinique;Générale;Masculin;811.0;782.0;96.4
325;2023;12;Nancy-Metz;057;Moselle;Générale;Masculin;2450.0;2335.0;95.3
391;2023;70;Normandie;050;Manche;Générale;Masculin;1017.0;979.0;96.3
393;2023;70;Normandie;050;Manche;Technologique;Masculin;438.0;403.0;92.0
406;2023;70;Normandie;076;Seine-Maritime;Technologique;Féminin;1493.0;1319.0;88.3
407;2023;70;Normandie;076;Seine-Maritime;Professionnelle;Masculin;2490.0;2017.0;81.0
417;2023;18;Orléans-Tours;028;Eure-et-Loir;Technologique;Masculin;510.0;461.0;90.4
570;2023;16;Toulouse;065;Hautes-Pyrénées;Professionnelle;Féminin;337.0;299.0;88.7
598;2023;25;Versailles;092;Hauts-de-Seine;Technologique;Féminin;1284.0;1100.0;85.7
606;2023;25;Versailles;095;Val-d'Oise;Professionnelle;Féminin;1480.0;1190.0;80.4
668;2024;03;Besançon;090;Territoire de Belfort;Générale;Féminin;491.0;481.0;98.0
682;2024;04;Bordeaux;033;Gironde;Technologique;Féminin;1483.0;1369.0;92.3
716;2024;06;Clermont-Ferrand;043;Haute-Loire;Générale;Féminin;747.0;732.0;98.0
717;2024;06;Clermont-Ferrand;043;Haute-Loire;Technologique;Masculin;196.0;181.0;92.3
797;2024;08;Grenoble;038;Isère;Professionnelle;Masculin;2151.0;1817.0;84.5
821;2024;33;Guyane;973;Guyane;Professionnelle;Masculin;867.0;596.0;68.7
854;2024;22;Limoges;087;Haute-Vienne;Générale;Féminin;1065.0;1039.0;97.6
868;2024;10;Lyon;042;Loire;Technologique;Féminin;915.0;839.0;91.7
1046;2024;18;Orléans-Tours;045;Loiret;Générale;Féminin;2400.0;2294.0;95.6
1177;2024;16;Toulouse;081;Tarn;Générale;Masculin;802.0;776.0;96.8
1201;2024;25;Versailles;092;Hauts-de-Seine;Générale;Masculin;5471.0;5234.0;95.7
1203;2024;25;Versailles;092;Hauts-de-Seine;Technologique;Masculin;1586.0;1327.0;83.7
193;2023;08;Grenoble;073;Savoie;Générale;Masculin;1033.0;1003.0;97.1
396;2023;70;Normandie;050;Manche;Professionnelle;Féminin;679.0;586.0;86.3
443;2023;18;Orléans-Tours;045;Loiret;Professionnelle;Masculin;1390.0;1060.0;76.3
449;2023;01;Paris;075;Paris;Professionnelle;Masculin;2723.0;2134.0;78.4
450;2023;01;Paris;075;Paris;Professionnelle;Féminin;1806.0;1493.0;82.7
462;2023;13;Poitiers;017;Charente-Maritime;Professionnelle;Féminin;627.0;544.0;86.8
518;2023;14;Rennes;056;Morbihan;Générale;Féminin;2283.0;2247.0;98.4
529;2023;15;Strasbourg;068;Haut-Rhin;Générale;Masculin;1841.0;1740.0;94.5
533;2023;15;Strasbourg;068;Haut-Rhin;Professionnelle;Masculin;1319.0;1099.0;83.3
743;2024;24;Créteil;077;Seine-et-Marne;Professionnelle;Masculin;2768.0;2092.0;75.6
755;2024;24;Créteil;094;Val-de-Marne;Professionnelle;Masculin;2522.0;1951.0;77.4
789;2024;08;Grenoble;026;Drôme;Technologique;Masculin;625.0;557.0;89.1
1109;2024;14;Rennes;022;Côtes-d'Armor;Professionnelle;Masculin;1293.0;1133.0;87.6
1188;2024;16;Toulouse;082;Tarn-et-Garonne;Professionnelle;Féminin;326.0;294.0;90.2
20;2023;02;Aix-Marseille;084;Vaucluse;Générale;Féminin;1892.0;1824.0;96.4
12;2023;02;Aix-Marseille;005;Hautes-Alpes;Professionnelle;Féminin;162.0;143.0;88.3
30;2023;20;Amiens;002;Aisne;Professionnelle;Féminin;867.0;672.0;77.5
69;2023;04;Bordeaux;024;Dordogne;Technologique;Masculin;340.0;302.0;88.8
79;2023;04;Bordeaux;040;Landes;Générale;Masculin;838.0;801.0;95.6
86;2023;04;Bordeaux;047;Lot-et-Garonne;Générale;Féminin;890.0;852.0;95.7
88;2023;04;Bordeaux;047;Lot-et-Garonne;Technologique;Féminin;386.0;360.0;93.3
102;2023;06;Clermont-Ferrand;003;Allier;Professionnelle;Féminin;446.0;387.0;86.8
109;2023;06;Clermont-Ferrand;043;Haute-Loire;Générale;Masculin;520.0;505.0;97.1
118;2023;06;Clermont-Ferrand;063;Puy-de-Dôme;Technologique;Féminin;641.0;582.0;90.8
137;2023;24;Créteil;077;Seine-et-Marne;Professionnelle;Masculin;2782.0;2077.0;74.7
147;2023;24;Créteil;094;Val-de-Marne;Technologique;Masculin;1711.0;1433.0;83.8
154;2023;07;Dijon;021;Côte-d'Or;Technologique;Féminin;510.0;462.0;90.6
187;2023;08;Grenoble;038;Isère;Générale;Masculin;3335.0;3197.0;95.9
222;2023;28;La Réunion;974;La Réunion;Professionnelle;Féminin;1578.0;1314.0;83.3
224;2023;09;Lille;059;Nord;Générale;Féminin;8457.0;8153.0;96.4
226;2023;09;Lille;059;Nord;Technologique;Féminin;2746.0;2515.0;91.6
342;2023;17;Nantes;044;Loire-Atlantique;Professionnelle;Féminin;1819.0;1635.0;89.9
361;2023;17;Nantes;085;Vendée;Générale;Masculin;1517.0;1467.0;96.7
366;2023;17;Nantes;085;Vendée;Professionnelle;Féminin;967.0;889.0;91.9
434;2023;18;Orléans-Tours;041;Loir-et-Cher;Générale;Féminin;799.0;773.0;96.7
503;2023;14;Rennes;022;Côtes-d'Armor;Professionnelle;Masculin;1280.0;1103.0;86.2
509;2023;14;Rennes;029;Finistère;Professionnelle;Masculin;1785.0;1559.0;87.3
549;2023;16;Toulouse;031;Haute-Garonne;Technologique;Masculin;1518.0;1381.0;91.0
576;2023;16;Toulouse;081;Tarn;Professionnelle;Féminin;558.0;493.0;88.4
590;2023;25;Versailles;091;Essonne;Générale;Féminin;5089.0;4872.0;95.7
642;2024;20;Amiens;060;Oise;Professionnelle;Féminin;1099.0;945.0;86.0
660;2024;03;Besançon;039;Jura;Professionnelle;Féminin;411.0;361.0;87.8
662;2024;03;Besançon;070;Haute-Saône;Générale;Féminin;537.0;522.0;97.2
699;2024;04;Bordeaux;064;Pyrénées-Atlantiques;Technologique;Masculin;634.0;607.0;95.7
737;2024;27;Corse;720;Haute-Corse;Professionnelle;Masculin;181.0;144.0;79.6
747;2024;24;Créteil;093;Seine-Saint-Denis;Technologique;Masculin;2455.0;1985.0;80.9
762;2024;07;Dijon;021;Côte-d'Or;Professionnelle;Féminin;629.0;544.0;86.5
769;2024;07;Dijon;071;Saône-et-Loire;Générale;Masculin;1214.0;1164.0;95.9
785;2024;08;Grenoble;007;Ardèche;Professionnelle;Masculin;569.0;510.0;89.6
1111;2024;14;Rennes;029;Finistère;Générale;Masculin;2151.0;2117.0;98.4
1132;2024;15;Strasbourg;067;Bas-Rhin;Technologique;Féminin;1184.0;1089.0;92.0
1134;2024;15;Strasbourg;067;Bas-Rhin;Professionnelle;Féminin;1228.0;1035.0;84.3
1180;2024;16;Toulouse;081;Tarn;Technologique;Féminin;430.0;410.0;95.3
1194;2024;25;Versailles;078;Yvelines;Professionnelle;Féminin;1478.0;1269.0;85.9
97;2023;06;Clermont-Ferrand;003;Allier;Générale;Masculin;605.0;576.0;95.2
101;2023;06;Clermont-Ferrand;003;Allier;Professionnelle;Masculin;630.0;509.0;80.8
114;2023;06;Clermont-Ferrand;043;Haute-Loire;Professionnelle;Féminin;225.0;201.0;89.3
131;2023;27;Corse;720;Haute-Corse;Professionnelle;Masculin;205.0;170.0;82.9
201;2023;08;Grenoble;074;Haute-Savoie;Technologique;Masculin;994.0;876.0;88.1
218;2023;28;La Réunion;974;La Réunion;Générale;Féminin;3186.0;3054.0;95.9
221;2023;28;La Réunion;974;La Réunion;Professionnelle;Masculin;2097.0;1635.0;78.0
227;2023;09;Lille;059;Nord;Professionnelle;Masculin;5009.0;3996.0;79.8
277;2023;43;Mayotte;976;Mayotte;Générale;Masculin;975.0;689.0;70.7
280;2023;43;Mayotte;976;Mayotte;Technologique;Féminin;1143.0;882.0;77.2
297;2023;11;Montpellier;034;Hérault;Technologique;Masculin;1263.0;1141.0;90.3
326;2023;12;Nancy-Metz;057;Moselle;Générale;Féminin;3118.0;3027.0;97.1
382;2023;70;Normandie;014;Calvados;Technologique;Féminin;599.0;544.0;90.8
451;2023;13;Poitiers;016;Charente;Générale;Masculin;772.0;740.0;95.9
452;2023;13;Poitiers;016;Charente;Générale;Féminin;940.0;918.0;97.7
459;2023;13;Poitiers;017;Charente-Maritime;Technologique;Masculin;649.0;600.0;92.4
535;2023;16;Toulouse;009;Ariège;Générale;Masculin;283.0;270.0;95.4
542;2023;16;Toulouse;012;Aveyron;Générale;Féminin;790.0;778.0;98.5
582;2023;16;Toulouse;082;Tarn-et-Garonne;Professionnelle;Féminin;337.0;303.0;89.9
615;2024;02;Aix-Marseille;005;Hautes-Alpes;Technologique;Masculin;126.0;122.0;96.8
656;2024;03;Besançon;039;Jura;Générale;Féminin;701.0;672.0;95.9
671;2024;03;Besançon;090;Territoire de Belfort;Professionnelle;Masculin;266.0;229.0;86.1
693;2024;04;Bordeaux;047;Lot-et-Garonne;Technologique;Masculin;391.0;347.0;88.7
719;2024;06;Clermont-Ferrand;043;Haute-Loire;Professionnelle;Masculin;397.0;343.0;86.4
763;2024;07;Dijon;058;Nièvre;Générale;Masculin;357.0;340.0;95.2
767;2024;07;Dijon;058;Nièvre;Professionnelle;Masculin;397.0;331.0;83.4
771;2024;07;Dijon;071;Saône-et-Loire;Technologique;Masculin;534.0;487.0;91.2
835;2024;09;Lille;062;Pas-de-Calais;Générale;Masculin;3218.0;3125.0;97.1
872;2024;10;Lyon;069;Rhône;Générale;Féminin;6656.0;6397.0;96.1
947;2024;17;Nantes;044;Loire-Atlantique;Professionnelle;Masculin;2349.0;1972.0;84.0
955;2024;17;Nantes;053;Mayenne;Générale;Masculin;715.0;688.0;96.2
967;2024;17;Nantes;085;Vendée;Générale;Masculin;1580.0;1548.0;98.0
1009;2024;70;Normandie;076;Seine-Maritime;Générale;Masculin;3274.0;3098.0;94.6
1038;2024;18;Orléans-Tours;037;Indre-et-Loire;Professionnelle;Féminin;829.0;732.0;88.3
1040;2024;18;Orléans-Tours;041;Loir-et-Cher;Générale;Féminin;837.0;810.0;96.8
1055;2024;01;Paris;075;Paris;Professionnelle;Masculin;2720.0;2088.0;76.8
1098;2024;19;Reims;051;Marne;Professionnelle;Féminin;719.0;601.0;83.6
1124;2024;14;Rennes;056;Morbihan;Générale;Féminin;2268.0;2235.0;98.5
1176;2024;16;Toulouse;065;Hautes-Pyrénées;Professionnelle;Féminin;302.0;282.0;93.4
1211;2024;25;Versailles;095;Val-d'Oise;Professionnelle;Masculin;2797.0;2036.0;72.8
81;2023;04;Bordeaux;040;Landes;Technologique;Masculin;387.0;364.0;94.1
107;2023;06;Clermont-Ferrand;015;Cantal;Professionnelle;Masculin;276.0;244.0;88.4
164;2023;07;Dijon;071;Saône-et-Loire;Générale;Féminin;1609.0;1564.0;97.2
178;2023;08;Grenoble;007;Ardèche;Technologique;Féminin;387.0;352.0;91.0
210;2023;32;Guadeloupe;971;Guadeloupe;Professionnelle;Féminin;826.0;669.0;81.0
248;2023;22;Limoges;087;Haute-Vienne;Générale;Féminin;1103.0;1071.0;97.1
308;2023;11;Montpellier;066;Pyrénées-Orientales;Générale;Féminin;1303.0;1258.0;96.5
340;2023;17;Nantes;044;Loire-Atlantique;Technologique;Féminin;1574.0;1444.0;91.7
358;2023;17;Nantes;072;Sarthe;Technologique;Féminin;597.0;549.0;92.0
412;2023;18;Orléans-Tours;018;Cher;Technologique;Féminin;282.0;266.0;94.3
418;2023;18;Orléans-Tours;028;Eure-et-Loir;Technologique;Féminin;482.0;430.0;89.2
480;2023;19;Reims;008;Ardennes;Professionnelle;Féminin;311.0;255.0;82.0
522;2023;14;Rennes;056;Morbihan;Professionnelle;Féminin;1038.0;944.0;90.9
556;2023;16;Toulouse;032;Gers;Technologique;Féminin;161.0;156.0;96.9
580;2023;16;Toulouse;082;Tarn-et-Garonne;Technologique;Féminin;294.0;279.0;94.9
616;2024;02;Aix-Marseille;005;Hautes-Alpes;Technologique;Féminin;125.0;114.0;91.2
624;2024;02;Aix-Marseille;013;Bouches-du-Rhône;Professionnelle;Féminin;2486.0;2102.0;84.6
625;2024;02;Aix-Marseille;084;Vaucluse;Générale;Masculin;1430.0;1370.0;95.8
765;2024;07;Dijon;058;Nièvre;Technologique;Masculin;175.0;150.0;85.7
773;2024;07;Dijon;071;Saône-et-Loire;Professionnelle;Masculin;981.0;811.0;82.7
806;2024;08;Grenoble;074;Haute-Savoie;Générale;Féminin;2796.0;2715.0;97.1
813;2024;32;Guadeloupe;971;Guadeloupe;Technologique;Masculin;522.0;474.0;90.8
837;2024;09;Lille;062;Pas-de-Calais;Technologique;Masculin;1718.0;1524.0;88.7
1005;2024;70;Normandie;061;Orne;Technologique;Masculin;256.0;223.0;87.1
1033;2024;18;Orléans-Tours;037;Indre-et-Loire;Générale;Masculin;1494.0;1448.0;96.9
1057;2024;13;Poitiers;016;Charente;Générale;Masculin;782.0;756.0;96.7
1068;2024;13;Poitiers;017;Charente-Maritime;Professionnelle;Féminin;603.0;539.0;89.4
1096;2024;19;Reims;051;Marne;Technologique;Féminin;557.0;488.0;87.6
1114;2024;14;Rennes;029;Finistère;Technologique;Féminin;1193.0;1154.0;96.7
1121;2024;14;Rennes;035;Ille-et-Vilaine;Professionnelle;Masculin;2143.0;1854.0;86.5
1160;2024;16;Toulouse;032;Gers;Générale;Féminin;460.0;456.0;99.1
1175;2024;16;Toulouse;065;Hautes-Pyrénées;Professionnelle;Masculin;491.0;424.0;86.4
1183;2024;16;Toulouse;082;Tarn-et-Garonne;Générale;Masculin;538.0;509.0;94.6
1197;2024;25;Versailles;091;Essonne;Technologique;Masculin;1914.0;1602.0;83.7
40;2023;20;Amiens;080;Somme;Technologique;Féminin;611.0;550.0;90.0
157;2023;07;Dijon;058;Nièvre;Générale;Masculin;382.0;356.0;93.2
175;2023;08;Grenoble;007;Ardèche;Générale;Masculin;696.0;669.0;96.1
217;2023;28;La Réunion;974;La Réunion;Générale;Masculin;2325.0;2217.0;95.4
238;2023;22;Limoges;019;Corrèze;Technologique;Féminin;232.0;214.0;92.2
296;2023;11;Montpellier;034;Hérault;Générale;Féminin;3714.0;3581.0;96.4
438;2023;18;Orléans-Tours;041;Loir-et-Cher;Professionnelle;Féminin;450.0;392.0;87.1
492;2023;19;Reims;051;Marne;Professionnelle;Féminin;730.0;604.0;82.7
589;2023;25;Versailles;091;Essonne;Générale;Masculin;4062.0;3794.0;93.4
618;2024;02;Aix-Marseille;005;Hautes-Alpes;Professionnelle;Féminin;156.0;139.0;89.1
646;2024;20;Amiens;080;Somme;Technologique;Féminin;625.0;563.0;90.1
658;2024;03;Besançon;039;Jura;Technologique;Féminin;266.0;252.0;94.7
832;2024;09;Lille;059;Nord;Technologique;Féminin;2959.0;2704.0;91.4
876;2024;10;Lyon;069;Rhône;Professionnelle;Féminin;2109.0;1773.0;84.1
914;2024;11;Montpellier;066;Pyrénées-Orientales;Générale;Féminin;1326.0;1296.0;97.7
965;2024;17;Nantes;072;Sarthe;Professionnelle;Masculin;1179.0;983.0;83.4
1041;2024;18;Orléans-Tours;041;Loir-et-Cher;Technologique;Masculin;325.0;292.0;89.8
1110;2024;14;Rennes;022;Côtes-d'Armor;Professionnelle;Féminin;949.0;853.0;89.9
1123;2024;14;Rennes;056;Morbihan;Générale;Masculin;1852.0;1813.0;97.9
1136;2024;15;Strasbourg;068;Haut-Rhin;Générale;Féminin;2252.0;2183.0;96.9
1191;2024;25;Versailles;078;Yvelines;Technologique;Masculin;1949.0;1748.0;89.7
4;2023;02;Aix-Marseille;004;Alpes-de-Haute-Provence;Technologique;Féminin;167.0;144.0;86.2
8;2023;02;Aix-Marseille;005;Hautes-Alpes;Générale;Féminin;439.0;424.0;96.6
31;2023;20;Amiens;060;Oise;Générale;Masculin;2079.0;1952.0;93.9
48;2023;03;Besançon;025;Doubs;Professionnelle;Féminin;664.0;557.0;83.9
332;2023;12;Nancy-Metz;088;Vosges;Générale;Féminin;982.0;957.0;97.5
335;2023;12;Nancy-Metz;088;Vosges;Professionnelle;Masculin;737.0;618.0;83.9
350;2023;17;Nantes;053;Mayenne;Générale;Féminin;974.0;953.0;97.8
354;2023;17;Nantes;053;Mayenne;Professionnelle;Féminin;544.0;480.0;88.2
356;2023;17;Nantes;072;Sarthe;Générale;Féminin;1762.0;1690.0;95.9
600;2023;25;Versailles;092;Hauts-de-Seine;Professionnelle;Féminin;1162.0;938.0;80.7
610;2024;02;Aix-Marseille;004;Alpes-de-Haute-Provence;Technologique;Féminin;175.0;155.0;88.6
613;2024;02;Aix-Marseille;005;Hautes-Alpes;Générale;Masculin;303.0;298.0;98.3
639;2024;20;Amiens;060;Oise;Technologique;Masculin;1063.0;908.0;85.4
704;2024;06;Clermont-Ferrand;003;Allier;Générale;Féminin;822.0;796.0;96.8
809;2024;08;Grenoble;074;Haute-Savoie;Professionnelle;Masculin;1408.0;1204.0;85.5
834;2024;09;Lille;059;Nord;Professionnelle;Féminin;3741.0;3124.0;83.5
838;2024;09;Lille;062;Pas-de-Calais;Technologique;Féminin;1767.0;1619.0;91.6
850;2024;22;Limoges;023;Creuse;Technologique;Féminin;136.0;129.0;94.9
853;2024;22;Limoges;087;Haute-Vienne;Générale;Masculin;792.0;768.0;97.0
858;2024;22;Limoges;087;Haute-Vienne;Professionnelle;Féminin;416.0;365.0;87.7
865;2024;10;Lyon;042;Loire;Générale;Masculin;1677.0;1607.0;95.8
1078;2024;13;Poitiers;086;Vienne;Technologique;Féminin;508.0;469.0;92.3
1088;2024;19;Reims;010;Aube;Générale;Féminin;869.0;836.0;96.2
1104;2024;19;Reims;052;Haute-Marne;Professionnelle;Féminin;191.0;151.0;79.1
1112;2024;14;Rennes;029;Finistère;Générale;Féminin;2741.0;2700.0;98.5
1126;2024;14;Rennes;056;Morbihan;Technologique;Féminin;819.0;775.0;94.6
1128;2024;14;Rennes;056;Morbihan;Professionnelle;Féminin;1036.0;964.0;93.1
1171;2024;16;Toulouse;065;Hautes-Pyrénées;Générale;Masculin;548.0;525.0;95.8
1193;2024;25;Versailles;078;Yvelines;Professionnelle;Masculin;2336.0;1827.0;78.2
1209;2024;25;Versailles;095;Val-d'Oise;Technologique;Masculin;1914.0;1509.0;78.8
1210;2024;25;Versailles;095;Val-d'Oise;Technologique;Féminin;1900.0;1640.0;86.3
811;2024;32;Guadeloupe;971;Guadeloupe;Générale;Masculin;1199.0;1101.0;91.8
1048;2024;18;Orléans-Tours;045;Loiret;Technologique;Féminin;939.0;838.0;89.2
1117;2024;14;Rennes;035;Ille-et-Vilaine;Générale;Masculin;3155.0;3099.0;98.2
1144;2024;16;Toulouse;009;Ariège;Technologique;Féminin;134.0;124.0;92.5
1192;2024;25;Versailles;078;Yvelines;Technologique;Féminin;1885.0;1738.0;92.2
983;2024;23;Nice;083;Var;Professionnelle;Masculin;1473.0;1207.0;81.9
1027;2024;18;Orléans-Tours;036;Indre;Générale;Masculin;395.0;377.0;95.4
1036;2024;18;Orléans-Tours;037;Indre-et-Loire;Technologique;Féminin;615.0;576.0;93.7
1047;2024;18;Orléans-Tours;045;Loiret;Technologique;Masculin;949.0;821.0;86.5
57;2023;03;Besançon;070;Haute-Saône;Technologique;Masculin;181.0;157.0;86.7
104;2023;06;Clermont-Ferrand;015;Cantal;Générale;Féminin;350.0;340.0;97.1
120;2023;06;Clermont-Ferrand;063;Puy-de-Dôme;Professionnelle;Féminin;836.0;727.0;87.0
121;2023;27;Corse;620;Corse-du-Sud;Générale;Masculin;348.0;334.0;96.0
150;2023;24;Créteil;094;Val-de-Marne;Professionnelle;Féminin;1356.0;1151.0;84.9
181;2023;08;Grenoble;026;Drôme;Générale;Masculin;1279.0;1212.0;94.8
196;2023;08;Grenoble;073;Savoie;Technologique;Féminin;420.0;390.0;92.9
214;2023;33;Guyane;973;Guyane;Technologique;Féminin;503.0;427.0;84.9
250;2023;22;Limoges;087;Haute-Vienne;Technologique;Féminin;362.0;326.0;90.1
327;2023;12;Nancy-Metz;057;Moselle;Technologique;Masculin;1160.0;1018.0;87.8
400;2023;70;Normandie;061;Orne;Technologique;Féminin;292.0;266.0;91.1
401;2023;70;Normandie;061;Orne;Professionnelle;Masculin;572.0;479.0;83.7
421;2023;18;Orléans-Tours;036;Indre;Générale;Masculin;430.0;411.0;95.6
482;2023;19;Reims;010;Aube;Générale;Féminin;823.0;780.0;94.8
491;2023;19;Reims;051;Marne;Professionnelle;Masculin;1103.0;844.0;76.5
511;2023;14;Rennes;035;Ille-et-Vilaine;Générale;Masculin;3043.0;2971.0;97.6
512;2023;14;Rennes;035;Ille-et-Vilaine;Générale;Féminin;4005.0;3927.0;98.1
538;2023;16;Toulouse;009;Ariège;Technologique;Féminin;153.0;139.0;90.8
577;2023;16;Toulouse;082;Tarn-et-Garonne;Générale;Masculin;517.0;498.0;96.3
734;2024;27;Corse;720;Haute-Corse;Générale;Féminin;467.0;461.0;98.7
760;2024;07;Dijon;021;Côte-d'Or;Technologique;Féminin;542.0;493.0;91.0
873;2024;10;Lyon;069;Rhône;Technologique;Masculin;2577.0;2228.0;86.5
893;2024;11;Montpellier;011;Aude;Professionnelle;Masculin;623.0;509.0;81.7
901;2024;11;Montpellier;034;Hérault;Générale;Masculin;3131.0;3007.0;96.0
911;2024;11;Montpellier;048;Lozère;Professionnelle;Masculin;224.0;193.0;86.2
913;2024;11;Montpellier;066;Pyrénées-Orientales;Générale;Masculin;1103.0;1069.0;96.9
932;2024;12;Nancy-Metz;057;Moselle;Générale;Féminin;3025.0;2946.0;97.4
942;2024;12;Nancy-Metz;088;Vosges;Professionnelle;Féminin;582.0;512.0;88.0
953;2024;17;Nantes;049;Maine-et-Loire;Professionnelle;Masculin;1803.0;1594.0;88.4
998;2024;70;Normandie;050;Manche;Générale;Féminin;1350.0;1321.0;97.9
1043;2024;18;Orléans-Tours;041;Loir-et-Cher;Professionnelle;Masculin;566.0;473.0;83.6
1051;2024;01;Paris;075;Paris;Générale;Masculin;7776.0;7477.0;96.2
151;2023;07;Dijon;021;Côte-d'Or;Générale;Masculin;1310.0;1251.0;95.5
162;2023;07;Dijon;058;Nièvre;Professionnelle;Féminin;314.0;272.0;86.6
189;2023;08;Grenoble;038;Isère;Technologique;Masculin;1795.0;1596.0;88.9
207;2023;32;Guadeloupe;971;Guadeloupe;Technologique;Masculin;532.0;478.0;89.8
231;2023;09;Lille;062;Pas-de-Calais;Technologique;Masculin;1654.0;1496.0;90.4
239;2023;22;Limoges;019;Corrèze;Professionnelle;Masculin;669.0;589.0;88.0
269;2023;10;Lyon;069;Rhône;Professionnelle;Masculin;3218.0;2556.0;79.4
294;2023;11;Montpellier;030;Gard;Professionnelle;Féminin;1074.0;900.0;83.8
304;2023;11;Montpellier;048;Lozère;Technologique;Féminin;103.0;102.0;99.0
333;2023;12;Nancy-Metz;088;Vosges;Technologique;Masculin;380.0;353.0;92.9
359;2023;17;Nantes;072;Sarthe;Professionnelle;Masculin;1135.0;921.0;81.1
390;2023;70;Normandie;027;Eure;Professionnelle;Féminin;678.0;586.0;86.4
473;2023;13;Poitiers;086;Vienne;Professionnelle;Masculin;856.0;721.0;84.2
515;2023;14;Rennes;035;Ille-et-Vilaine;Professionnelle;Masculin;2149.0;1832.0;85.2
516;2023;14;Rennes;035;Ille-et-Vilaine;Professionnelle;Féminin;1508.0;1358.0;90.1
532;2023;15;Strasbourg;068;Haut-Rhin;Technologique;Féminin;742.0;679.0;91.5
991;2024;70;Normandie;027;Eure;Générale;Masculin;1143.0;1081.0;94.6
1063;2024;13;Poitiers;017;Charente-Maritime;Générale;Masculin;1470.0;1417.0;96.4
1127;2024;14;Rennes;056;Morbihan;Professionnelle;Masculin;1447.0;1328.0;91.8
1148;2024;16;Toulouse;012;Aveyron;Générale;Féminin;690.0;681.0;98.7
1190;2024;25;Versailles;078;Yvelines;Générale;Féminin;6449.0;6287.0;97.5
300;2023;11;Montpellier;034;Hérault;Professionnelle;Féminin;1247.0;1044.0;83.7
324;2023;12;Nancy-Metz;055;Meuse;Professionnelle;Féminin;286.0;252.0;88.1
370;2023;23;Nice;006;Alpes-Maritimes;Technologique;Féminin;1140.0;1032.0;90.5
376;2023;23;Nice;083;Var;Technologique;Féminin;868.0;799.0;92.1
428;2023;18;Orléans-Tours;037;Indre-et-Loire;Générale;Féminin;1854.0;1800.0;97.1
444;2023;18;Orléans-Tours;045;Loiret;Professionnelle;Féminin;864.0;723.0;83.7
463;2023;13;Poitiers;079;Deux-Sèvres;Générale;Masculin;850.0;826.0;97.2
479;2023;19;Reims;008;Ardennes;Professionnelle;Masculin;460.0;370.0;80.4
537;2023;16;Toulouse;009;Ariège;Technologique;Masculin;118.0;110.0;93.2
552;2023;16;Toulouse;031;Haute-Garonne;Professionnelle;Féminin;1268.0;1073.0;84.6
617;2024;02;Aix-Marseille;005;Hautes-Alpes;Professionnelle;Masculin;296.0;267.0;90.2
629;2024;02;Aix-Marseille;084;Vaucluse;Professionnelle;Masculin;1134.0;937.0;82.6
669;2024;03;Besançon;090;Territoire de Belfort;Technologique;Masculin;205.0;171.0;83.4
744;2024;24;Créteil;077;Seine-et-Marne;Professionnelle;Féminin;1826.0;1482.0;81.2
745;2024;24;Créteil;093;Seine-Saint-Denis;Générale;Masculin;4533.0;4019.0;88.7
774;2024;07;Dijon;071;Saône-et-Loire;Professionnelle;Féminin;647.0;565.0;87.3
826;2024;28;La Réunion;974;La Réunion;Technologique;Féminin;1451.0;1329.0;91.6
828;2024;28;La Réunion;974;La Réunion;Professionnelle;Féminin;1557.0;1334.0;85.7
875;2024;10;Lyon;069;Rhône;Professionnelle;Masculin;3234.0;2563.0;79.3
883;2024;43;Mayotte;976;Mayotte;Générale;Masculin;913.0;703.0;77.0
1017;2024;18;Orléans-Tours;018;Cher;Technologique;Masculin;250.0;222.0;88.8
1066;2024;13;Poitiers;017;Charente-Maritime;Technologique;Féminin;649.0;598.0;92.1
1141;2024;16;Toulouse;009;Ariège;Générale;Masculin;312.0;302.0;96.8
1161;2024;16;Toulouse;032;Gers;Technologique;Masculin;139.0;136.0;97.8
1169;2024;16;Toulouse;046;Lot;Professionnelle;Masculin;283.0;242.0;85.5
436;2023;18;Orléans-Tours;041;Loir-et-Cher;Technologique;Féminin;323.0;300.0;92.9
531;2023;15;Strasbourg;068;Haut-Rhin;Technologique;Masculin;861.0;763.0;88.6
540;2023;16;Toulouse;009;Ariège;Professionnelle;Féminin;195.0;167.0;85.6
561;2023;16;Toulouse;046;Lot;Technologique;Masculin;149.0;139.0;93.3
599;2023;25;Versailles;092;Hauts-de-Seine;Professionnelle;Masculin;1983.0;1526.0;77.0
601;2023;25;Versailles;095;Val-d'Oise;Générale;Masculin;4033.0;3627.0;89.9
700;2024;04;Bordeaux;064;Pyrénées-Atlantiques;Technologique;Féminin;621.0;584.0;94.0
712;2024;06;Clermont-Ferrand;015;Cantal;Technologique;Féminin;168.0;157.0;93.5
732;2024;27;Corse;620;Corse-du-Sud;Professionnelle;Féminin;161.0;126.0;78.3
881;2024;31;Martinique;972;Martinique;Professionnelle;Masculin;860.0;670.0;77.9
886;2024;43;Mayotte;976;Mayotte;Technologique;Féminin;1113.0;865.0;77.7
940;2024;12;Nancy-Metz;088;Vosges;Technologique;Féminin;338.0;316.0;93.5
966;2024;17;Nantes;072;Sarthe;Professionnelle;Féminin;890.0;773.0;86.9
11;2023;02;Aix-Marseille;005;Hautes-Alpes;Professionnelle;Masculin;280.0;239.0;85.4
26;2023;20;Amiens;002;Aisne;Générale;Féminin;1411.0;1342.0;95.1
36;2023;20;Amiens;060;Oise;Professionnelle;Féminin;968.0;784.0;81.0
43;2023;03;Besançon;025;Doubs;Générale;Masculin;1354.0;1303.0;96.2
63;2023;03;Besançon;090;Territoire de Belfort;Technologique;Masculin;172.0;144.0;83.7
65;2023;03;Besançon;090;Territoire de Belfort;Professionnelle;Masculin;285.0;230.0;80.7
87;2023;04;Bordeaux;047;Lot-et-Garonne;Technologique;Masculin;386.0;344.0;89.1
106;2023;06;Clermont-Ferrand;015;Cantal;Technologique;Féminin;152.0;141.0;92.8
124;2023;27;Corse;620;Corse-du-Sud;Technologique;Féminin;120.0;114.0;95.0
141;2023;24;Créteil;093;Seine-Saint-Denis;Technologique;Masculin;2296.0;1846.0;80.4
146;2023;24;Créteil;094;Val-de-Marne;Générale;Féminin;4503.0;4274.0;94.9
159;2023;07;Dijon;058;Nièvre;Technologique;Masculin;179.0;158.0;88.3
203;2023;08;Grenoble;074;Haute-Savoie;Professionnelle;Masculin;1391.0;1189.0;85.5
208;2023;32;Guadeloupe;971;Guadeloupe;Technologique;Féminin;656.0;626.0;95.4
281;2023;43;Mayotte;976;Mayotte;Professionnelle;Masculin;995.0;621.0;62.4
295;2023;11;Montpellier;034;Hérault;Générale;Masculin;2963.0;2827.0;95.4
349;2023;17;Nantes;053;Mayenne;Générale;Masculin;667.0;654.0;98.1
369;2023;23;Nice;006;Alpes-Maritimes;Technologique;Masculin;1076.0;947.0;88.0
526;2023;15;Strasbourg;067;Bas-Rhin;Technologique;Féminin;1155.0;1045.0;90.5
547;2023;16;Toulouse;031;Haute-Garonne;Générale;Masculin;3839.0;3682.0;95.9
572;2023;16;Toulouse;081;Tarn;Générale;Féminin;1142.0;1109.0;97.1
661;2024;03;Besançon;070;Haute-Saône;Générale;Masculin;455.0;424.0;93.2
756;2024;24;Créteil;094;Val-de-Marne;Professionnelle;Féminin;1467.0;1275.0;86.9
764;2024;07;Dijon;058;Nièvre;Générale;Féminin;448.0;437.0;97.5
775;2024;07;Dijon;089;Yonne;Générale;Masculin;636.0;595.0;93.6
879;2024;31;Martinique;972;Martinique;Technologique;Masculin;417.0;397.0;95.2
898;2024;11;Montpellier;030;Gard;Technologique;Féminin;853.0;826.0;96.8
994;2024;70;Normandie;027;Eure;Technologique;Féminin;692.0;625.0;90.3
1053;2024;01;Paris;075;Paris;Technologique;Masculin;1931.0;1682.0;87.1
1091;2024;19;Reims;010;Aube;Professionnelle;Masculin;603.0;494.0;81.9
1166;2024;16;Toulouse;046;Lot;Générale;Féminin;395.0;386.0;97.7
60;2023;03;Besançon;070;Haute-Saône;Professionnelle;Féminin;310.0;267.0;86.1
68;2023;04;Bordeaux;024;Dordogne;Générale;Féminin;969.0;930.0;96.0
130;2023;27;Corse;720;Haute-Corse;Technologique;Féminin;155.0;142.0;91.6
192;2023;08;Grenoble;038;Isère;Professionnelle;Féminin;1567.0;1350.0;86.2
229;2023;09;Lille;062;Pas-de-Calais;Générale;Masculin;3248.0;3132.0;96.4
285;2023;11;Montpellier;011;Aude;Technologique;Masculin;376.0;311.0;82.7
301;2023;11;Montpellier;048;Lozère;Générale;Masculin;163.0;160.0;98.2
14;2023;02;Aix-Marseille;013;Bouches-du-Rhône;Générale;Féminin;6713.0;6467.0;96.3
74;2023;04;Bordeaux;033;Gironde;Générale;Féminin;5516.0;5284.0;95.8
75;2023;04;Bordeaux;033;Gironde;Technologique;Masculin;1529.0;1334.0;87.2
93;2023;04;Bordeaux;064;Pyrénées-Atlantiques;Technologique;Masculin;610.0;578.0;94.8
96;2023;04;Bordeaux;064;Pyrénées-Atlantiques;Professionnelle;Féminin;937.0;860.0;91.8
240;2023;22;Limoges;019;Corrèze;Professionnelle;Féminin;268.0;226.0;84.3
257;2023;10;Lyon;001;Ain;Professionnelle;Masculin;969.0;816.0;84.2
721;2024;06;Clermont-Ferrand;063;Puy-de-Dôme;Générale;Masculin;1471.0;1407.0;95.6
746;2024;24;Créteil;093;Seine-Saint-Denis;Générale;Féminin;5575.0;5182.0;93.0
801;2024;08;Grenoble;073;Savoie;Technologique;Masculin;502.0;468.0;93.2
822;2024;33;Guyane;973;Guyane;Professionnelle;Féminin;812.0;568.0;70.0
855;2024;22;Limoges;087;Haute-Vienne;Technologique;Masculin;378.0;328.0;86.8
860;2024;10;Lyon;001;Ain;Générale;Féminin;2036.0;1956.0;96.1
871;2024;10;Lyon;069;Rhône;Générale;Masculin;5422.0;5129.0;94.6
884;2024;43;Mayotte;976;Mayotte;Générale;Féminin;1603.0;1263.0;78.8
962;2024;17;Nantes;072;Sarthe;Générale;Féminin;1796.0;1749.0;97.4
968;2024;17;Nantes;085;Vendée;Générale;Féminin;2112.0;2079.0;98.4
975;2024;23;Nice;006;Alpes-Maritimes;Technologique;Masculin;1059.0;910.0;85.9
985;2024;70;Normandie;014;Calvados;Générale;Masculin;1789.0;1695.0;94.7
1008;2024;70;Normandie;061;Orne;Professionnelle;Féminin;500.0;437.0;87.4
1076;2024;13;Poitiers;086;Vienne;Générale;Féminin;1178.0;1147.0;97.4
1167;2024;16;Toulouse;046;Lot;Technologique;Masculin;161.0;152.0;94.4
1184;2024;16;Toulouse;082;Tarn-et-Garonne;Générale;Féminin;735.0;702.0;95.5
1198;2024;25;Versailles;091;Essonne;Technologique;Féminin;1855.0;1674.0;90.2
1206;2024;25;Versailles;092;Hauts-de-Seine;Professionnelle;Féminin;1221.0;1021.0;83.6
1;2023;02;Aix-Marseille;004;Alpes-de-Haute-Provence;Générale;Masculin;362.0;353.0;97.5
45;2023;03;Besançon;025;Doubs;Technologique;Masculin;589.0;500.0;84.9
89;2023;04;Bordeaux;047;Lot-et-Garonne;Professionnelle;Masculin;595.0;488.0;82.0
168;2023;07;Dijon;071;Saône-et-Loire;Professionnelle;Féminin;656.0;560.0;85.4
198;2023;08;Grenoble;073;Savoie;Professionnelle;Féminin;469.0;419.0;89.3
246;2023;22;Limoges;023;Creuse;Professionnelle;Féminin;118.0;104.0;88.1
334;2023;12;Nancy-Metz;088;Vosges;Technologique;Féminin;377.0;349.0;92.6
399;2023;70;Normandie;061;Orne;Technologique;Masculin;189.0;161.0;85.2
414;2023;18;Orléans-Tours;018;Cher;Professionnelle;Féminin;358.0;308.0;86.0
420;2023;18;Orléans-Tours;028;Eure-et-Loir;Professionnelle;Féminin;545.0;449.0;82.4
468;2023;13;Poitiers;079;Deux-Sèvres;Professionnelle;Féminin;471.0;417.0;88.5
471;2023;13;Poitiers;086;Vienne;Technologique;Masculin;426.0;370.0;86.9
477;2023;19;Reims;008;Ardennes;Technologique;Masculin;263.0;228.0;86.7
488;2023;19;Reims;051;Marne;Générale;Féminin;1835.0;1771.0;96.5
489;2023;19;Reims;051;Marne;Technologique;Masculin;555.0;460.0;82.9
498;2023;19;Reims;052;Haute-Marne;Professionnelle;Féminin;185.0;158.0;85.4
563;2023;16;Toulouse;046;Lot;Professionnelle;Masculin;273.0;227.0;83.2
585;2023;25;Versailles;078;Yvelines;Technologique;Masculin;1867.0;1655.0;88.6
593;2023;25;Versailles;091;Essonne;Professionnelle;Masculin;2497.0;1859.0;74.4
628;2024;02;Aix-Marseille;084;Vaucluse;Technologique;Féminin;768.0;689.0;89.7
753;2024;24;Créteil;094;Val-de-Marne;Technologique;Masculin;1665.0;1412.0;84.8
758;2024;07;Dijon;021;Côte-d'Or;Générale;Féminin;1664.0;1603.0;96.3
779;2024;07;Dijon;089;Yonne;Professionnelle;Masculin;476.0;379.0;79.6
788;2024;08;Grenoble;026;Drôme;Générale;Féminin;1689.0;1653.0;97.9
846;2024;22;Limoges;019;Corrèze;Professionnelle;Féminin;266.0;238.0;89.5
882;2024;31;Martinique;972;Martinique;Professionnelle;Féminin;649.0;540.0;83.2
891;2024;11;Montpellier;011;Aude;Technologique;Masculin;438.0;391.0;89.3
938;2024;12;Nancy-Metz;088;Vosges;Générale;Féminin;976.0;942.0;96.5
977;2024;23;Nice;006;Alpes-Maritimes;Professionnelle;Masculin;1537.0;1197.0;77.9
988;2024;70;Normandie;014;Calvados;Technologique;Féminin;663.0;601.0;90.6
1014;2024;70;Normandie;076;Seine-Maritime;Professionnelle;Féminin;1728.0;1475.0;85.4
1026;2024;18;Orléans-Tours;028;Eure-et-Loir;Professionnelle;Féminin;600.0;522.0;87.0
1049;2024;18;Orléans-Tours;045;Loiret;Professionnelle;Masculin;1383.0;1043.0;75.4
1125;2024;14;Rennes;056;Morbihan;Technologique;Masculin;890.0;846.0;95.1
1158;2024;16;Toulouse;031;Haute-Garonne;Professionnelle;Féminin;1404.0;1183.0;84.3
1164;2024;16;Toulouse;032;Gers;Professionnelle;Féminin;213.0;194.0;91.1
1165;2024;16;Toulouse;046;Lot;Générale;Masculin;311.0;299.0;96.1
1195;2024;25;Versailles;091;Essonne;Générale;Masculin;4156.0;3906.0;94.0
1196;2024;25;Versailles;091;Essonne;Générale;Féminin;5294.0;5065.0;95.7
15;2023;02;Aix-Marseille;013;Bouches-du-Rhône;Technologique;Masculin;2141.0;1931.0;90.2
18;2023;02;Aix-Marseille;013;Bouches-du-Rhône;Professionnelle;Féminin;2377.0;1935.0;81.4
22;2023;02;Aix-Marseille;084;Vaucluse;Technologique;Féminin;748.0;669.0;89.4
94;2023;04;Bordeaux;064;Pyrénées-Atlantiques;Technologique;Féminin;587.0;561.0;95.6
2;2023;02;Aix-Marseille;004;Alpes-de-Haute-Provence;Générale;Féminin;446.0;434.0;97.3
32;2023;20;Amiens;060;Oise;Générale;Féminin;2675.0;2553.0;95.4
59;2023;03;Besançon;070;Haute-Saône;Professionnelle;Masculin;518.0;442.0;85.3
105;2023;06;Clermont-Ferrand;015;Cantal;Technologique;Masculin;132.0;120.0;90.9
129;2023;27;Corse;720;Haute-Corse;Technologique;Masculin;156.0;141.0;90.4
133;2023;24;Créteil;077;Seine-et-Marne;Générale;Masculin;4241.0;3880.0;91.5
148;2023;24;Créteil;094;Val-de-Marne;Technologique;Féminin;1656.0;1465.0;88.5
372;2023;23;Nice;006;Alpes-Maritimes;Professionnelle;Féminin;1029.0;877.0;85.2
378;2023;23;Nice;083;Var;Professionnelle;Féminin;1019.0;875.0;85.9
429;2023;18;Orléans-Tours;037;Indre-et-Loire;Technologique;Masculin;607.0;555.0;91.4
466;2023;13;Poitiers;079;Deux-Sèvres;Technologique;Féminin;393.0;373.0;94.9
506;2023;14;Rennes;029;Finistère;Générale;Féminin;2662.0;2622.0;98.5
562;2023;16;Toulouse;046;Lot;Technologique;Féminin;170.0;159.0;93.5
781;2024;08;Grenoble;007;Ardèche;Générale;Masculin;617.0;596.0;96.6
802;2024;08;Grenoble;073;Savoie;Technologique;Féminin;424.0;404.0;95.3
825;2024;28;La Réunion;974;La Réunion;Technologique;Masculin;1379.0;1239.0;89.8
829;2024;09;Lille;059;Nord;Générale;Masculin;7071.0;6750.0;95.5
841;2024;22;Limoges;019;Corrèze;Générale;Masculin;528.0;505.0;95.6
908;2024;11;Montpellier;048;Lozère;Générale;Féminin;221.0;220.0;99.5
928;2024;12;Nancy-Metz;055;Meuse;Technologique;Féminin;186.0;171.0;91.9
959;2024;17;Nantes;053;Mayenne;Professionnelle;Masculin;719.0;621.0;86.4
974;2024;23;Nice;006;Alpes-Maritimes;Générale;Féminin;3678.0;3518.0;95.6
1085;2024;19;Reims;008;Ardennes;Professionnelle;Masculin;484.0;362.0;74.8
1116;2024;14;Rennes;029;Finistère;Professionnelle;Féminin;992.0;899.0;90.6
1145;2024;16;Toulouse;009;Ariège;Professionnelle;Masculin;293.0;249.0;85.0
1170;2024;16;Toulouse;046;Lot;Professionnelle;Féminin;246.0;220.0;89.4
1174;2024;16;Toulouse;065;Hautes-Pyrénées;Technologique;Féminin;223.0;212.0;95.1
95;2023;04;Bordeaux;064;Pyrénées-Atlantiques;Professionnelle;Masculin;1281.0;1122.0;87.6
170;2023;07;Dijon;089;Yonne;Générale;Féminin;860.0;823.0;95.7
188;2023;08;Grenoble;038;Isère;Générale;Féminin;4254.0;4145.0;97.4
200;2023;08;Grenoble;074;Haute-Savoie;Générale;Féminin;2799.0;2719.0;97.1
205;2023;32;Guadeloupe;971;Guadeloupe;Générale;Masculin;1230.0;1137.0;92.4
225;2023;09;Lille;059;Nord;Technologique;Masculin;2810.0;2488.0;88.5
267;2023;10;Lyon;069;Rhône;Technologique;Masculin;2623.0;2238.0;85.3
274;2023;31;Martinique;972;Martinique;Technologique;Féminin;484.0;462.0;95.5
288;2023;11;Montpellier;011;Aude;Professionnelle;Féminin;422.0;363.0;86.0
316;2023;12;Nancy-Metz;054;Meurthe-et-Moselle;Technologique;Féminin;740.0;692.0;93.5
320;2023;12;Nancy-Metz;055;Meuse;Générale;Féminin;387.0;375.0;96.9
343;2023;17;Nantes;049;Maine-et-Loire;Générale;Masculin;2051.0;1983.0;96.7
386;2023;70;Normandie;027;Eure;Générale;Féminin;1640.0;1573.0;95.9
403;2023;70;Normandie;076;Seine-Maritime;Générale;Masculin;3258.0;3093.0;94.9
481;2023;19;Reims;010;Aube;Générale;Masculin;679.0;623.0;91.8
557;2023;16;Toulouse;032;Gers;Professionnelle;Masculin;364.0;314.0;86.3
578;2023;16;Toulouse;082;Tarn-et-Garonne;Générale;Féminin;742.0;712.0;96.0
595;2023;25;Versailles;092;Hauts-de-Seine;Générale;Masculin;5376.0;5099.0;94.8
627;2024;02;Aix-Marseille;084;Vaucluse;Technologique;Masculin;668.0;596.0;89.2
666;2024;03;Besançon;070;Haute-Saône;Professionnelle;Féminin;272.0;239.0;87.9
674;2024;04;Bordeaux;024;Dordogne;Générale;Féminin;967.0;935.0;96.7
709;2024;06;Clermont-Ferrand;015;Cantal;Générale;Masculin;240.0;234.0;97.5
730;2024;27;Corse;620;Corse-du-Sud;Technologique;Féminin;125.0;119.0;95.2
786;2024;08;Grenoble;007;Ardèche;Professionnelle;Féminin;482.0;432.0;89.6
787;2024;08;Grenoble;026;Drôme;Générale;Masculin;1255.0;1187.0;94.6
795;2024;08;Grenoble;038;Isère;Technologique;Masculin;1818.0;1632.0;89.8
796;2024;08;Grenoble;038;Isère;Technologique;Féminin;1738.0;1612.0;92.8
869;2024;10;Lyon;042;Loire;Professionnelle;Masculin;1593.0;1354.0;85.0
888;2024;43;Mayotte;976;Mayotte;Professionnelle;Féminin;783.0;544.0;69.5
931;2024;12;Nancy-Metz;057;Moselle;Générale;Masculin;2449.0;2356.0;96.2
958;2024;17;Nantes;053;Mayenne;Technologique;Féminin;327.0;304.0;93.0
963;2024;17;Nantes;072;Sarthe;Technologique;Masculin;668.0;603.0;90.3
970;2024;17;Nantes;085;Vendée;Technologique;Féminin;649.0;628.0;96.8
982;2024;23;Nice;083;Var;Technologique;Féminin;906.0;828.0;91.4
987;2024;70;Normandie;014;Calvados;Technologique;Masculin;690.0;609.0;88.3
995;2024;70;Normandie;027;Eure;Professionnelle;Masculin;1031.0;809.0;78.5
1002;2024;70;Normandie;050;Manche;Professionnelle;Féminin;707.0;641.0;90.7
1030;2024;18;Orléans-Tours;036;Indre;Technologique;Féminin;170.0;162.0;95.3
1039;2024;18;Orléans-Tours;041;Loir-et-Cher;Générale;Masculin;648.0;618.0;95.4
1059;2024;13;Poitiers;016;Charente;Technologique;Masculin;250.0;228.0;91.2
1064;2024;13;Poitiers;017;Charente-Maritime;Générale;Féminin;1807.0;1755.0;97.1
1080;2024;13;Poitiers;086;Vienne;Professionnelle;Féminin;593.0;516.0;87.0
1082;2024;19;Reims;008;Ardennes;Générale;Féminin;612.0;582.0;95.1
1095;2024;19;Reims;051;Marne;Technologique;Masculin;613.0;507.0;82.7
1101;2024;19;Reims;052;Haute-Marne;Technologique;Masculin;180.0;156.0;86.7
1152;2024;16;Toulouse;012;Aveyron;Professionnelle;Féminin;395.0;359.0;90.9
1163;2024;16;Toulouse;032;Gers;Professionnelle;Masculin;344.0;297.0;86.3
55;2023;03;Besançon;070;Haute-Saône;Générale;Masculin;430.0;409.0;95.1
110;2023;06;Clermont-Ferrand;043;Haute-Loire;Générale;Féminin;754.0;742.0;98.4
113;2023;06;Clermont-Ferrand;043;Haute-Loire;Professionnelle;Masculin;384.0;326.0;84.9
144;2023;24;Créteil;093;Seine-Saint-Denis;Professionnelle;Féminin;2287.0;1912.0;83.6
155;2023;07;Dijon;021;Côte-d'Or;Professionnelle;Masculin;963.0;810.0;84.1
166;2023;07;Dijon;071;Saône-et-Loire;Technologique;Féminin;558.0;511.0;91.6
176;2023;08;Grenoble;007;Ardèche;Générale;Féminin;924.0;898.0;97.2
223;2023;09;Lille;059;Nord;Générale;Masculin;7178.0;6839.0;95.3
262;2023;10;Lyon;042;Loire;Technologique;Féminin;908.0;829.0;91.3
283;2023;11;Montpellier;011;Aude;Générale;Masculin;797.0;749.0;94.0
863;2024;10;Lyon;001;Ain;Professionnelle;Masculin;1063.0;897.0;84.4
877;2024;31;Martinique;972;Martinique;Générale;Masculin;828.0;792.0;95.7
50;2023;03;Besançon;039;Jura;Générale;Féminin;676.0;654.0;96.7
138;2023;24;Créteil;077;Seine-et-Marne;Professionnelle;Féminin;1769.0;1440.0;81.4
163;2023;07;Dijon;071;Saône-et-Loire;Générale;Masculin;1182.0;1131.0;95.7
174;2023;07;Dijon;089;Yonne;Professionnelle;Féminin;391.0;329.0;84.1
191;2023;08;Grenoble;038;Isère;Professionnelle;Masculin;2188.0;1810.0;82.7
247;2023;22;Limoges;087;Haute-Vienne;Générale;Masculin;854.0;816.0;95.6
255;2023;10;Lyon;001;Ain;Technologique;Masculin;772.0;694.0;89.9
258;2023;10;Lyon;001;Ain;Professionnelle;Féminin;710.0;623.0;87.7
282;2023;43;Mayotte;976;Mayotte;Professionnelle;Féminin;748.0;518.0;69.3
321;2023;12;Nancy-Metz;055;Meuse;Technologique;Masculin;190.0;172.0;90.5
352;2023;17;Nantes;053;Mayenne;Technologique;Féminin;319.0;287.0;90.0
408;2023;70;Normandie;076;Seine-Maritime;Professionnelle;Féminin;1749.0;1504.0;86.0
411;2023;18;Orléans-Tours;018;Cher;Technologique;Masculin;274.0;252.0;92.0
423;2023;18;Orléans-Tours;036;Indre;Technologique;Masculin;158.0;136.0;86.1
445;2023;01;Paris;075;Paris;Générale;Masculin;7934.0;7538.0;95.0
447;2023;01;Paris;075;Paris;Technologique;Masculin;1822.0;1566.0;85.9
465;2023;13;Poitiers;079;Deux-Sèvres;Technologique;Masculin;410.0;395.0;96.3
490;2023;19;Reims;051;Marne;Technologique;Féminin;551.0;474.0;86.0
494;2023;19;Reims;052;Haute-Marne;Générale;Féminin;383.0;367.0;95.8
566;2023;16;Toulouse;065;Hautes-Pyrénées;Générale;Féminin;654.0;627.0;95.9
579;2023;16;Toulouse;082;Tarn-et-Garonne;Technologique;Masculin;345.0;314.0;91.0
626;2024;02;Aix-Marseille;084;Vaucluse;Générale;Féminin;1865.0;1813.0;97.2
659;2024;03;Besançon;039;Jura;Professionnelle;Masculin;540.0;474.0;87.8
672;2024;03;Besançon;090;Territoire de Belfort;Professionnelle;Féminin;195.0;169.0;86.7
675;2024;04;Bordeaux;024;Dordogne;Technologique;Masculin;361.0;316.0;87.5
691;2024;04;Bordeaux;047;Lot-et-Garonne;Générale;Masculin;568.0;544.0;95.8
694;2024;04;Bordeaux;047;Lot-et-Garonne;Technologique;Féminin;392.0;373.0;95.2
723;2024;06;Clermont-Ferrand;063;Puy-de-Dôme;Technologique;Masculin;649.0;585.0;90.1
725;2024;06;Clermont-Ferrand;063;Puy-de-Dôme;Professionnelle;Masculin;1249.0;1028.0;82.3
751;2024;24;Créteil;094;Val-de-Marne;Générale;Masculin;3889.0;3594.0;92.4
757;2024;07;Dijon;021;Côte-d'Or;Générale;Masculin;1316.0;1260.0;95.7
772;2024;07;Dijon;071;Saône-et-Loire;Technologique;Féminin;540.0;497.0;92.0
778;2024;07;Dijon;089;Yonne;Technologique;Féminin;329.0;305.0;92.7
792;2024;08;Grenoble;026;Drôme;Professionnelle;Féminin;593.0;519.0;87.5
805;2024;08;Grenoble;074;Haute-Savoie;Générale;Masculin;2296.0;2196.0;95.6
808;2024;08;Grenoble;074;Haute-Savoie;Technologique;Féminin;963.0;871.0;90.4
824;2024;28;La Réunion;974;La Réunion;Générale;Féminin;3054.0;2911.0;95.3
889;2024;11;Montpellier;011;Aude;Générale;Masculin;739.0;705.0;95.4
936;2024;12;Nancy-Metz;057;Moselle;Professionnelle;Féminin;1284.0;1119.0;87.1
1007;2024;70;Normandie;061;Orne;Professionnelle;Masculin;555.0;458.0;82.5
1029;2024;18;Orléans-Tours;036;Indre;Technologique;Masculin;195.0;175.0;89.7
1045;2024;18;Orléans-Tours;045;Loiret;Générale;Masculin;1805.0;1696.0;94.0
64;2023;03;Besançon;090;Territoire de Belfort;Technologique;Féminin;168.0;155.0;92.3
123;2023;27;Corse;620;Corse-du-Sud;Technologique;Masculin;120.0;115.0;95.8
156;2023;07;Dijon;021;Côte-d'Or;Professionnelle;Féminin;629.0;562.0;89.3
179;2023;08;Grenoble;007;Ardèche;Professionnelle;Masculin;603.0;521.0;86.4
186;2023;08;Grenoble;026;Drôme;Professionnelle;Féminin;542.0;466.0;86.0
206;2023;32;Guadeloupe;971;Guadeloupe;Générale;Féminin;1732.0;1622.0;93.6
317;2023;12;Nancy-Metz;054;Meurthe-et-Moselle;Professionnelle;Masculin;1328.0;1098.0;82.7
487;2023;19;Reims;051;Marne;Générale;Masculin;1527.0;1444.0;94.6
495;2023;19;Reims;052;Haute-Marne;Technologique;Masculin;158.0;133.0;84.2
783;2024;08;Grenoble;007;Ardèche;Technologique;Masculin;348.0;322.0;92.5
951;2024;17;Nantes;049;Maine-et-Loire;Technologique;Masculin;819.0;736.0;89.9
960;2024;17;Nantes;053;Mayenne;Professionnelle;Féminin;553.0;482.0;87.2
1054;2024;01;Paris;075;Paris;Technologique;Féminin;1867.0;1720.0;92.1
1058;2024;13;Poitiers;016;Charente;Générale;Féminin;906.0;875.0;96.6
1060;2024;13;Poitiers;016;Charente;Technologique;Féminin;300.0;277.0;92.3
1079;2024;13;Poitiers;086;Vienne;Professionnelle;Masculin;784.0;654.0;83.4
1108;2024;14;Rennes;022;Côtes-d'Armor;Technologique;Féminin;717.0;689.0;96.1
1172;2024;16;Toulouse;065;Hautes-Pyrénées;Générale;Féminin;636.0;623.0;98.0
1173;2024;16;Toulouse;065;Hautes-Pyrénées;Technologique;Masculin;212.0;196.0;92.5
311;2023;11;Montpellier;066;Pyrénées-Orientales;Professionnelle;Masculin;672.0;535.0;79.6
483;2023;19;Reims;010;Aube;Technologique;Masculin;376.0;318.0;84.6
539;2023;16;Toulouse;009;Ariège;Professionnelle;Masculin;283.0;236.0;83.4
673;2024;04;Bordeaux;024;Dordogne;Générale;Masculin;685.0;649.0;94.7
677;2024;04;Bordeaux;024;Dordogne;Professionnelle;Masculin;667.0;564.0;84.6
683;2024;04;Bordeaux;033;Gironde;Professionnelle;Masculin;2552.0;2044.0;80.1
708;2024;06;Clermont-Ferrand;003;Allier;Professionnelle;Féminin;448.0;373.0;83.3
768;2024;07;Dijon;058;Nièvre;Professionnelle;Féminin;328.0;290.0;88.4
812;2024;32;Guadeloupe;971;Guadeloupe;Générale;Féminin;1642.0;1567.0;95.4
930;2024;12;Nancy-Metz;055;Meuse;Professionnelle;Féminin;309.0;276.0;89.3
934;2024;12;Nancy-Metz;057;Moselle;Technologique;Féminin;1195.0;1096.0;91.7
1042;2024;18;Orléans-Tours;041;Loir-et-Cher;Technologique;Féminin;335.0;313.0;93.4
1150;2024;16;Toulouse;012;Aveyron;Technologique;Féminin;324.0;319.0;98.5
1200;2024;25;Versailles;091;Essonne;Professionnelle;Féminin;1545.0;1286.0;83.2
261;2023;10;Lyon;042;Loire;Technologique;Masculin;893.0;798.0;89.4
323;2023;12;Nancy-Metz;055;Meuse;Professionnelle;Masculin;396.0;326.0;82.3
329;2023;12;Nancy-Metz;057;Moselle;Professionnelle;Masculin;1998.0;1551.0;77.6
367;2023;23;Nice;006;Alpes-Maritimes;Générale;Masculin;2946.0;2785.0;94.5
371;2023;23;Nice;006;Alpes-Maritimes;Professionnelle;Masculin;1554.0;1222.0;78.6
397;2023;70;Normandie;061;Orne;Générale;Masculin;567.0;537.0;94.7
456;2023;13;Poitiers;016;Charente;Professionnelle;Féminin;448.0;410.0;91.5
458;2023;13;Poitiers;017;Charente-Maritime;Générale;Féminin;1944.0;1869.0;96.1
484;2023;19;Reims;010;Aube;Technologique;Féminin;355.0;331.0;93.2
504;2023;14;Rennes;022;Côtes-d'Armor;Professionnelle;Féminin;947.0;845.0;89.2
519;2023;14;Rennes;056;Morbihan;Technologique;Masculin;807.0;770.0;95.4
551;2023;16;Toulouse;031;Haute-Garonne;Professionnelle;Masculin;2121.0;1720.0;81.1
574;2023;16;Toulouse;081;Tarn;Technologique;Féminin;365.0;339.0;92.9
602;2023;25;Versailles;095;Val-d'Oise;Générale;Féminin;5118.0;4728.0;92.4
652;2024;03;Besançon;025;Doubs;Technologique;Féminin;669.0;602.0;90.0
665;2024;03;Besançon;070;Haute-Saône;Professionnelle;Masculin;562.0;493.0;87.7
707;2024;06;Clermont-Ferrand;003;Allier;Professionnelle;Masculin;608.0;461.0;75.8
735;2024;27;Corse;720;Haute-Corse;Technologique;Masculin;176.0;159.0;90.3
750;2024;24;Créteil;093;Seine-Saint-Denis;Professionnelle;Féminin;2287.0;1949.0;85.2
791;2024;08;Grenoble;026;Drôme;Professionnelle;Masculin;934.0;776.0;83.1
862;2024;10;Lyon;001;Ain;Technologique;Féminin;736.0;704.0;95.7
866;2024;10;Lyon;042;Loire;Générale;Féminin;2193.0;2137.0;97.4
885;2024;43;Mayotte;976;Mayotte;Technologique;Masculin;782.0;581.0;74.3
918;2024;11;Montpellier;066;Pyrénées-Orientales;Professionnelle;Féminin;558.0;482.0;86.4
948;2024;17;Nantes;044;Loire-Atlantique;Professionnelle;Féminin;1923.0;1704.0;88.6
949;2024;17;Nantes;049;Maine-et-Loire;Générale;Masculin;1836.0;1782.0;97.1
952;2024;17;Nantes;049;Maine-et-Loire;Technologique;Féminin;931.0;872.0;93.7
1022;2024;18;Orléans-Tours;028;Eure-et-Loir;Générale;Féminin;1306.0;1279.0;97.9
1052;2024;01;Paris;075;Paris;Générale;Féminin;8861.0;8614.0;97.2
1062;2024;13;Poitiers;016;Charente;Professionnelle;Féminin;440.0;391.0;88.9
1207;2024;25;Versailles;095;Val-d'Oise;Générale;Masculin;4315.0;3843.0;89.1
330;2023;12;Nancy-Metz;057;Moselle;Professionnelle;Féminin;1226.0;1067.0;87.0
353;2023;17;Nantes;053;Mayenne;Professionnelle;Masculin;625.0;526.0;84.2
374;2023;23;Nice;083;Var;Générale;Féminin;3145.0;3044.0;96.8
398;2023;70;Normandie;061;Orne;Générale;Féminin;688.0;656.0;95.3
419;2023;18;Orléans-Tours;028;Eure-et-Loir;Professionnelle;Masculin;771.0;606.0;78.6
464;2023;13;Poitiers;079;Deux-Sèvres;Générale;Féminin;1040.0;1011.0;97.2
523;2023;15;Strasbourg;067;Bas-Rhin;Générale;Masculin;2835.0;2711.0;95.6
550;2023;16;Toulouse;031;Haute-Garonne;Technologique;Féminin;1401.0;1282.0;91.5
554;2023;16;Toulouse;032;Gers;Générale;Féminin;525.0;513.0;97.7
653;2024;03;Besançon;025;Doubs;Professionnelle;Masculin;1005.0;868.0;86.4
714;2024;06;Clermont-Ferrand;015;Cantal;Professionnelle;Féminin;199.0;184.0;92.5
720;2024;06;Clermont-Ferrand;043;Haute-Loire;Professionnelle;Féminin;282.0;256.0;90.8
724;2024;06;Clermont-Ferrand;063;Puy-de-Dôme;Technologique;Féminin;646.0;585.0;90.6
727;2024;27;Corse;620;Corse-du-Sud;Générale;Masculin;361.0;340.0;94.2
728;2024;27;Corse;620;Corse-du-Sud;Générale;Féminin;455.0;444.0;97.6
733;2024;27;Corse;720;Haute-Corse;Générale;Masculin;361.0;346.0;95.8
784;2024;08;Grenoble;007;Ardèche;Technologique;Féminin;451.0;421.0;93.3
819;2024;33;Guyane;973;Guyane;Technologique;Masculin;287.0;255.0;88.9
831;2024;09;Lille;059;Nord;Technologique;Masculin;2816.0;2509.0;89.1
840;2024;09;Lille;062;Pas-de-Calais;Professionnelle;Féminin;2138.0;1806.0;84.5
919;2024;12;Nancy-Metz;054;Meurthe-et-Moselle;Générale;Masculin;1726.0;1667.0;96.6
946;2024;17;Nantes;044;Loire-Atlantique;Technologique;Féminin;1539.0;1413.0;91.8
972;2024;17;Nantes;085;Vendée;Professionnelle;Féminin;1087.0;1018.0;93.7
1012;2024;70;Normandie;076;Seine-Maritime;Technologique;Féminin;1501.0;1360.0;90.6
1016;2024;18;Orléans-Tours;018;Cher;Générale;Féminin;627.0;604.0;96.3
1050;2024;18;Orléans-Tours;045;Loiret;Professionnelle;Féminin;892.0;743.0;83.3
1118;2024;14;Rennes;035;Ille-et-Vilaine;Générale;Féminin;4011.0;3942.0;98.3
46;2023;03;Besançon;025;Doubs;Technologique;Féminin;640.0;587.0;91.7
47;2023;03;Besançon;025;Doubs;Professionnelle;Masculin;1016.0;850.0;83.7
56;2023;03;Besançon;070;Haute-Saône;Générale;Féminin;568.0;540.0;95.1
90;2023;04;Bordeaux;047;Lot-et-Garonne;Professionnelle;Féminin;450.0;407.0;90.4
98;2023;06;Clermont-Ferrand;003;Allier;Générale;Féminin;831.0;804.0;96.8
108;2023;06;Clermont-Ferrand;015;Cantal;Professionnelle;Féminin;178.0;161.0;90.4
132;2023;27;Corse;720;Haute-Corse;Professionnelle;Féminin;133.0;118.0;88.7
153;2023;07;Dijon;021;Côte-d'Or;Technologique;Masculin;514.0;455.0;88.5
185;2023;08;Grenoble;026;Drôme;Professionnelle;Masculin;964.0;809.0;83.9
194;2023;08;Grenoble;073;Savoie;Générale;Féminin;1317.0;1280.0;97.2
291;2023;11;Montpellier;030;Gard;Technologique;Masculin;815.0;728.0;89.3
314;2023;12;Nancy-Metz;054;Meurthe-et-Moselle;Générale;Féminin;2167.0;2104.0;97.1
427;2023;18;Orléans-Tours;037;Indre-et-Loire;Générale;Masculin;1483.0;1437.0;96.9
454;2023;13;Poitiers;016;Charente;Technologique;Féminin;300.0;281.0;93.7
729;2024;27;Corse;620;Corse-du-Sud;Technologique;Masculin;110.0;101.0;91.8
814;2024;32;Guadeloupe;971;Guadeloupe;Technologique;Féminin;634.0;606.0;95.6
836;2024;09;Lille;062;Pas-de-Calais;Générale;Féminin;4012.0;3901.0;97.2
943;2024;17;Nantes;044;Loire-Atlantique;Générale;Masculin;3818.0;3703.0;97.0
973;2024;23;Nice;006;Alpes-Maritimes;Générale;Masculin;3178.0;2957.0;93.0
999;2024;70;Normandie;050;Manche;Technologique;Masculin;466.0;435.0;93.3
1069;2024;13;Poitiers;079;Deux-Sèvres;Générale;Masculin;756.0;736.0;97.4
1135;2024;15;Strasbourg;068;Haut-Rhin;Générale;Masculin;1880.0;1773.0;94.3
309;2023;11;Montpellier;066;Pyrénées-Orientales;Technologique;Masculin;542.0;493.0;91.0
363;2023;17;Nantes;085;Vendée;Technologique;Masculin;671.0;618.0;92.1
425;2023;18;Orléans-Tours;036;Indre;Professionnelle;Masculin;427.0;344.0;80.6
485;2023;19;Reims;010;Aube;Professionnelle;Masculin;608.0;480.0;78.9
524;2023;15;Strasbourg;067;Bas-Rhin;Générale;Féminin;3526.0;3403.0;96.5
545;2023;16;Toulouse;012;Aveyron;Professionnelle;Masculin;528.0;474.0;89.8
621;2024;02;Aix-Marseille;013;Bouches-du-Rhône;Technologique;Masculin;2462.0;2206.0;89.6
670;2024;03;Besançon;090;Territoire de Belfort;Technologique;Féminin;185.0;170.0;91.9
742;2024;24;Créteil;077;Seine-et-Marne;Technologique;Féminin;2155.0;1983.0;92.0
770;2024;07;Dijon;071;Saône-et-Loire;Générale;Féminin;1579.0;1538.0;97.4
816;2024;32;Guadeloupe;971;Guadeloupe;Professionnelle;Féminin;833.0;699.0;83.9
912;2024;11;Montpellier;048;Lozère;Professionnelle;Féminin;132.0;115.0;87.1
1143;2024;16;Toulouse;009;Ariège;Technologique;Masculin;113.0;103.0;91.2
1189;2024;25;Versailles;078;Yvelines;Générale;Masculin;5501.0;5312.0;96.6
6;2023;02;Aix-Marseille;004;Alpes-de-Haute-Provence;Professionnelle;Féminin;182.0;160.0;87.9
66;2023;03;Besançon;090;Territoire de Belfort;Professionnelle;Féminin;212.0;183.0;86.3
73;2023;04;Bordeaux;033;Gironde;Générale;Masculin;4526.0;4268.0;94.3
112;2023;06;Clermont-Ferrand;043;Haute-Loire;Technologique;Féminin;234.0;223.0;95.3
126;2023;27;Corse;620;Corse-du-Sud;Professionnelle;Féminin;156.0;129.0;82.7
167;2023;07;Dijon;071;Saône-et-Loire;Professionnelle;Masculin;927.0;786.0;84.8
209;2023;32;Guadeloupe;971;Guadeloupe;Professionnelle;Masculin;1245.0;1009.0;81.0
237;2023;22;Limoges;019;Corrèze;Technologique;Masculin;219.0;201.0;91.8
256;2023;10;Lyon;001;Ain;Technologique;Féminin;690.0;644.0;93.3
293;2023;11;Montpellier;030;Gard;Professionnelle;Masculin;1268.0;1022.0;80.6
310;2023;11;Montpellier;066;Pyrénées-Orientales;Technologique;Féminin;540.0;496.0;91.9
345;2023;17;Nantes;049;Maine-et-Loire;Technologique;Masculin;841.0;774.0;92.0
364;2023;17;Nantes;085;Vendée;Technologique;Féminin;639.0;598.0;93.6
381;2023;70;Normandie;014;Calvados;Technologique;Masculin;600.0;502.0;83.7
887;2024;43;Mayotte;976;Mayotte;Professionnelle;Masculin;1066.0;708.0;66.4
902;2024;11;Montpellier;034;Hérault;Générale;Féminin;3663.0;3575.0;97.6
905;2024;11;Montpellier;034;Hérault;Professionnelle;Masculin;1752.0;1425.0;81.3
925;2024;12;Nancy-Metz;055;Meuse;Générale;Masculin;315.0;302.0;95.9
1021;2024;18;Orléans-Tours;028;Eure-et-Loir;Générale;Masculin;1038.0;992.0;95.6
1031;2024;18;Orléans-Tours;036;Indre;Professionnelle;Masculin;410.0;362.0;88.3
1056;2024;01;Paris;075;Paris;Professionnelle;Féminin;1772.0;1481.0;83.6
1100;2024;19;Reims;052;Haute-Marne;Générale;Féminin;422.0;406.0;96.2
1149;2024;16;Toulouse;012;Aveyron;Technologique;Masculin;350.0;347.0;99.1
1156;2024;16;Toulouse;031;Haute-Garonne;Technologique;Féminin;1502.0;1395.0;92.9
1185;2024;16;Toulouse;082;Tarn-et-Garonne;Technologique;Masculin;341.0;303.0;88.9
1186;2024;16;Toulouse;082;Tarn-et-Garonne;Technologique;Féminin;315.0;292.0;92.7
103;2023;06;Clermont-Ferrand;015;Cantal;Générale;Masculin;211.0;204.0;96.7
125;2023;27;Corse;620;Corse-du-Sud;Professionnelle;Masculin;192.0;164.0;85.4
136;2023;24;Créteil;077;Seine-et-Marne;Technologique;Féminin;2093.0;1862.0;89.0
190;2023;08;Grenoble;038;Isère;Technologique;Féminin;1708.0;1579.0;92.4
220;2023;28;La Réunion;974;La Réunion;Technologique;Féminin;1509.0;1383.0;91.7
244;2023;22;Limoges;023;Creuse;Technologique;Féminin;135.0;127.0;94.1
264;2023;10;Lyon;042;Loire;Professionnelle;Féminin;1191.0;1070.0;89.8
303;2023;11;Montpellier;048;Lozère;Technologique;Masculin;85.0;83.0;97.6
313;2023;12;Nancy-Metz;054;Meurthe-et-Moselle;Générale;Masculin;1714.0;1634.0;95.3
347;2023;17;Nantes;049;Maine-et-Loire;Professionnelle;Masculin;1733.0;1477.0;85.2
440;2023;18;Orléans-Tours;045;Loiret;Générale;Féminin;2145.0;2048.0;95.5
591;2023;25;Versailles;091;Essonne;Technologique;Masculin;1893.0;1588.0;83.9
703;2024;06;Clermont-Ferrand;003;Allier;Générale;Masculin;641.0;610.0;95.2
711;2024;06;Clermont-Ferrand;015;Cantal;Technologique;Masculin;125.0;116.0;92.8
1087;2024;19;Reims;010;Aube;Générale;Masculin;689.0;646.0;93.8
1120;2024;14;Rennes;035;Ille-et-Vilaine;Technologique;Féminin;1367.0;1291.0;94.4
1139;2024;15;Strasbourg;068;Haut-Rhin;Professionnelle;Masculin;1373.0;1108.0;80.7
815;2024;32;Guadeloupe;971;Guadeloupe;Professionnelle;Masculin;1185.0;991.0;83.6
907;2024;11;Montpellier;048;Lozère;Générale;Masculin;136.0;132.0;97.1
111;2023;06;Clermont-Ferrand;043;Haute-Loire;Technologique;Masculin;208.0;194.0;93.3
142;2023;24;Créteil;093;Seine-Saint-Denis;Technologique;Féminin;2454.0;2160.0;88.0
158;2023;07;Dijon;058;Nièvre;Générale;Féminin;458.0;442.0;96.5
253;2023;10;Lyon;001;Ain;Générale;Masculin;1435.0;1356.0;94.5
422;2023;18;Orléans-Tours;036;Indre;Générale;Féminin;525.0;501.0;95.4
437;2023;18;Orléans-Tours;041;Loir-et-Cher;Professionnelle;Masculin;530.0;429.0;80.9
441;2023;18;Orléans-Tours;045;Loiret;Technologique;Masculin;861.0;762.0;88.5
486;2023;19;Reims;010;Aube;Professionnelle;Féminin;426.0;354.0;83.1
510;2023;14;Rennes;029;Finistère;Professionnelle;Féminin;1050.0;945.0;90.0
534;2023;15;Strasbourg;068;Haut-Rhin;Professionnelle;Féminin;955.0;811.0;84.9
633;2024;20;Amiens;002;Aisne;Technologique;Masculin;492.0;433.0;88.0
678;2024;04;Bordeaux;024;Dordogne;Professionnelle;Féminin;512.0;439.0;85.7
684;2024;04;Bordeaux;033;Gironde;Professionnelle;Féminin;1811.0;1555.0;85.9
782;2024;08;Grenoble;007;Ardèche;Générale;Féminin;922.0;894.0;97.0
833;2024;09;Lille;059;Nord;Professionnelle;Masculin;5102.0;4020.0;78.8
878;2024;31;Martinique;972;Martinique;Générale;Féminin;1051.0;1015.0;96.6
933;2024;12;Nancy-Metz;057;Moselle;Technologique;Masculin;1128.0;1009.0;89.5
945;2024;17;Nantes;044;Loire-Atlantique;Technologique;Masculin;1645.0;1503.0;91.4
1006;2024;70;Normandie;061;Orne;Technologique;Féminin;279.0;255.0;91.4
1015;2024;18;Orléans-Tours;018;Cher;Générale;Masculin;533.0;508.0;95.3
1035;2024;18;Orléans-Tours;037;Indre-et-Loire;Technologique;Masculin;688.0;626.0;91.0
1208;2024;25;Versailles;095;Val-d'Oise;Générale;Féminin;5079.0;4721.0;93.0
24;2023;02;Aix-Marseille;084;Vaucluse;Professionnelle;Féminin;713.0;618.0;86.7
67;2023;04;Bordeaux;024;Dordogne;Générale;Masculin;758.0;715.0;94.3
169;2023;07;Dijon;089;Yonne;Générale;Masculin;669.0;619.0;92.5
199;2023;08;Grenoble;074;Haute-Savoie;Générale;Masculin;2192.0;2101.0;95.8
236;2023;22;Limoges;019;Corrèze;Générale;Féminin;715.0;692.0;96.8
346;2023;17;Nantes;049;Maine-et-Loire;Technologique;Féminin;870.0;817.0;93.9
383;2023;70;Normandie;014;Calvados;Professionnelle;Masculin;1355.0;1124.0;83.0
442;2023;18;Orléans-Tours;045;Loiret;Technologique;Féminin;947.0;850.0;89.8
448;2023;01;Paris;075;Paris;Technologique;Féminin;1818.0;1618.0;89.0
474;2023;13;Poitiers;086;Vienne;Professionnelle;Féminin;540.0;473.0;87.6
476;2023;19;Reims;008;Ardennes;Générale;Féminin;683.0;649.0;95.0
497;2023;19;Reims;052;Haute-Marne;Professionnelle;Masculin;326.0;262.0;80.4
527;2023;15;Strasbourg;067;Bas-Rhin;Professionnelle;Masculin;1877.0;1517.0;80.8
541;2023;16;Toulouse;012;Aveyron;Générale;Masculin;505.0;487.0;96.4
546;2023;16;Toulouse;012;Aveyron;Professionnelle;Féminin;362.0;334.0;92.3
722;2024;06;Clermont-Ferrand;063;Puy-de-Dôme;Générale;Féminin;1946.0;1883.0;96.8
731;2024;27;Corse;620;Corse-du-Sud;Professionnelle;Masculin;191.0;145.0;75.9
922;2024;12;Nancy-Metz;054;Meurthe-et-Moselle;Technologique;Féminin;760.0;719.0;94.6
957;2024;17;Nantes;053;Mayenne;Technologique;Masculin;355.0;322.0;90.7
996;2024;70;Normandie;027;Eure;Professionnelle;Féminin;649.0;549.0;84.6
1034;2024;18;Orléans-Tours;037;Indre-et-Loire;Générale;Féminin;1819.0;1778.0;97.7
1072;2024;13;Poitiers;079;Deux-Sèvres;Technologique;Féminin;434.0;417.0;96.1
1073;2024;13;Poitiers;079;Deux-Sèvres;Professionnelle;Masculin;682.0;591.0;86.7
1140;2024;15;Strasbourg;068;Haut-Rhin;Professionnelle;Féminin;922.0;784.0;85.0
1153;2024;16;Toulouse;031;Haute-Garonne;Générale;Masculin;3901.0;3765.0;96.5
1159;2024;16;Toulouse;032;Gers;Générale;Masculin;403.0;394.0;97.8
1065;2024;13;Poitiers;017;Charente-Maritime;Technologique;Masculin;678.0;629.0;92.8
1077;2024;13;Poitiers;086;Vienne;Technologique;Masculin;451.0;397.0;88.0
1102;2024;19;Reims;052;Haute-Marne;Technologique;Féminin;223.0;209.0;93.7
1133;2024;15;Strasbourg;067;Bas-Rhin;Professionnelle;Masculin;1890.0;1565.0;82.8
1154;2024;16;Toulouse;031;Haute-Garonne;Générale;Féminin;4751.0;4619.0;97.2
1179;2024;16;Toulouse;081;Tarn;Technologique;Masculin;428.0;403.0;94.2
1092;2024;19;Reims;010;Aube;Professionnelle;Féminin;402.0;338.0;84.1
